Method;Job;AnalyzeLaunchVariance;EvaluateOverhead;MaxAbsoluteError;MaxRelativeError;MinInvokeCount;MinIterationTime;OutlierMode;Affinity;EnvironmentVariables;Jit;LargeAddressAware;Platform;PowerPlanMode;Runtime;AllowVeryLargeObjects;Concurrent;CpuGroups;Force;HeapAffinitizeMask;HeapCount;NoAffinitize;RetainVm;Server;Arguments;BuildConfiguration;Clock;EngineFactory;NuGetReferences;IsMutator;InvocationCount;IterationCount;IterationTime;LaunchCount;MaxIterationCount;MaxWarmupIterationCount;MemoryRandomization;MinIterationCount;MinWarmupIterationCount;RunStrategy;UnrollFactor;WarmupCount;Vector;Mean;Error;StdDev;Median;Ratio;RatioSD;Gen0;Gen1;Allocated;Alloc Ratio
Evaluate;.NET 10.0;False;Default;Default;Default;Default;Default;Default;1111111111111111;Empty;RyuJit;Default;X64;8c5e7fda-e8bf-4a96-9a85-a6e23a8c635c;.NET 10.0;False;True;False;True;Default;Default;False;False;False;Default;Default;Default;Default;Default;Default;Default;Default;Default;Default;Default;Default;Default;Default;Default;Default;16;Default;ArithmeticVariables;17.610 ns;0.4004 ns;0.4450 ns;17.689 ns;0.53;0.02;0.0025;0.0000;24 B;1.00
Evaluate;.NET 8.0;False;Default;Default;Default;Default;Default;Default;1111111111111111;Empty;RyuJit;Default;X64;8c5e7fda-e8bf-4a96-9a85-a6e23a8c635c;.NET 8.0;False;True;False;True;Default;Default;False;False;False;Default;Default;Default;Default;Default;Default;Default;Default;Default;Default;Default;Default;Default;Default;Default;Default;16;Default;ArithmeticVariables;33.152 ns;0.5634 ns;0.4994 ns;33.084 ns;1.00;0.02;0.0025;0.0000;24 B;1.00
CompileAndEvaluate;.NET 10.0;False;Default;Default;Default;Default;Default;Default;1111111111111111;Empty;RyuJit;Default;X64;8c5e7fda-e8bf-4a96-9a85-a6e23a8c635c;.NET 10.0;False;True;False;True;Default;Default;False;False;False;Default;Default;Default;Default;Default;Default;Default;Default;Default;Default;Default;Default;Default;Default;Default;Default;16;Default;ArithmeticVariables;"107,581.566 ns";"2,137.5826 ns";"2,195.1400 ns";"107,740.430 ns";1.44;0.04;6.3477;2.9297;61282 B;1.00
CompileAndEvaluate;.NET 8.0;False;Default;Default;Default;Default;Default;Default;1111111111111111;Empty;RyuJit;Default;X64;8c5e7fda-e8bf-4a96-9a85-a6e23a8c635c;.NET 8.0;False;True;False;True;Default;Default;False;False;False;Default;Default;Default;Default;Default;Default;Default;Default;Default;Default;Default;Default;Default;Default;Default;Default;16;Default;ArithmeticVariables;"74,584.343 ns";"1,463.0187 ns";"1,502.4125 ns";"74,179.053 ns";1.00;0.03;6.3477;2.9297;61098 B;1.00
Evaluate;.NET 10.0;False;Default;Default;Default;Default;Default;Default;1111111111111111;Empty;RyuJit;Default;X64;8c5e7fda-e8bf-4a96-9a85-a6e23a8c635c;.NET 10.0;False;True;False;True;Default;Default;False;False;False;Default;Default;Default;Default;Default;Default;Default;Default;Default;Default;Default;Default;Default;Default;Default;Default;16;Default;Casts;25.486 ns;0.5013 ns;0.4689 ns;25.335 ns;0.57;0.01;0.0025;0.0000;24 B;1.00
Evaluate;.NET 8.0;False;Default;Default;Default;Default;Default;Default;1111111111111111;Empty;RyuJit;Default;X64;8c5e7fda-e8bf-4a96-9a85-a6e23a8c635c;.NET 8.0;False;True;False;True;Default;Default;False;False;False;Default;Default;Default;Default;Default;Default;Default;Default;Default;Default;Default;Default;Default;Default;Default;Default;16;Default;Casts;44.715 ns;0.7140 ns;0.6679 ns;44.875 ns;1.00;0.02;0.0025;0.0000;24 B;1.00
CompileAndEvaluate;.NET 10.0;False;Default;Default;Default;Default;Default;Default;1111111111111111;Empty;RyuJit;Default;X64;8c5e7fda-e8bf-4a96-9a85-a6e23a8c635c;.NET 10.0;False;True;False;True;Default;Default;False;False;False;Default;Default;Default;Default;Default;Default;Default;Default;Default;Default;Default;Default;Default;Default;Default;Default;16;Default;Casts;"210,421.687 ns";"4,159.7188 ns";"7,175.3110 ns";"207,603.418 ns";1.34;0.06;15.6250;4.8828;148104 B;1.01
CompileAndEvaluate;.NET 8.0;False;Default;Default;Default;Default;Default;Default;1111111111111111;Empty;RyuJit;Default;X64;8c5e7fda-e8bf-4a96-9a85-a6e23a8c635c;.NET 8.0;False;True;False;True;Default;Default;False;False;False;Default;Default;Default;Default;Default;Default;Default;Default;Default;Default;Default;Default;Default;Default;Default;Default;16;Default;Casts;"156,649.389 ns";"3,128.4632 ns";"4,385.6689 ns";"156,542.871 ns";1.00;0.04;14.6484;3.9063;146141 B;1.00
Evaluate;.NET 10.0;False;Default;Default;Default;Default;Default;Default;1111111111111111;Empty;RyuJit;Default;X64;8c5e7fda-e8bf-4a96-9a85-a6e23a8c635c;.NET 10.0;False;True;False;True;Default;Default;False;False;False;Default;Default;Default;Default;Default;Default;Default;Default;Default;Default;Default;Default;Default;Default;Default;Default;16;Default;Constants;6.646 ns;0.1347 ns;0.1194 ns;6.639 ns;1.05;0.04;0.0025;0.0000;24 B;1.00
Evaluate;.NET 8.0;False;Default;Default;Default;Default;Default;Default;1111111111111111;Empty;RyuJit;Default;X64;8c5e7fda-e8bf-4a96-9a85-a6e23a8c635c;.NET 8.0;False;True;False;True;Default;Default;False;False;False;Default;Default;Default;Default;Default;Default;Default;Default;Default;Default;Default;Default;Default;Default;Default;Default;16;Default;Constants;6.358 ns;0.1791 ns;0.2062 ns;6.346 ns;1.00;0.04;0.0025;0.0000;24 B;1.00
CompileAndEvaluate;.NET 10.0;False;Default;Default;Default;Default;Default;Default;1111111111111111;Empty;RyuJit;Default;X64;8c5e7fda-e8bf-4a96-9a85-a6e23a8c635c;.NET 10.0;False;True;False;True;Default;Default;False;False;False;Default;Default;Default;Default;Default;Default;Default;Default;Default;Default;Default;Default;Default;Default;Default;Default;16;Default;Constants;"46,508.726 ns";905.2205 ns;"1,537.1332 ns";"46,376.379 ns";1.41;0.07;4.3945;1.9531;42405 B;1.00
CompileAndEvaluate;.NET 8.0;False;Default;Default;Default;Default;Default;Default;1111111111111111;Empty;RyuJit;Default;X64;8c5e7fda-e8bf-4a96-9a85-a6e23a8c635c;.NET 8.0;False;True;False;True;Default;Default;False;False;False;Default;Default;Default;Default;Default;Default;Default;Default;Default;Default;Default;Default;Default;Default;Default;Default;16;Default;Constants;"32,996.998 ns";595.3502 ns;"1,088.6316 ns";"32,902.014 ns";1.00;0.05;4.3945;1.9531;42346 B;1.00
Evaluate;.NET 10.0;False;Default;Default;Default;Default;Default;Default;1111111111111111;Empty;RyuJit;Default;X64;8c5e7fda-e8bf-4a96-9a85-a6e23a8c635c;.NET 10.0;False;True;False;True;Default;Default;False;False;False;Default;Default;Default;Default;Default;Default;Default;Default;Default;Default;Default;Default;Default;Default;Default;Default;16;Default;InList;11.106 ns;0.2451 ns;0.4027 ns;11.048 ns;0.61;0.03;0.0025;0.0000;24 B;1.00
Evaluate;.NET 8.0;False;Default;Default;Default;Default;Default;Default;1111111111111111;Empty;RyuJit;Default;X64;8c5e7fda-e8bf-4a96-9a85-a6e23a8c635c;.NET 8.0;False;True;False;True;Default;Default;False;False;False;Default;Default;Default;Default;Default;Default;Default;Default;Default;Default;Default;Default;Default;Default;Default;Default;16;Default;InList;18.218 ns;0.4114 ns;0.5203 ns;18.052 ns;1.00;0.04;0.0025;0.0000;24 B;1.00
CompileAndEvaluate;.NET 10.0;False;Default;Default;Default;Default;Default;Default;1111111111111111;Empty;RyuJit;Default;X64;8c5e7fda-e8bf-4a96-9a85-a6e23a8c635c;.NET 10.0;False;True;False;True;Default;Default;False;False;False;Default;Default;Default;Default;Default;Default;Default;Default;Default;Default;Default;Default;Default;Default;Default;Default;16;Default;InList;"252,214.746 ns";"4,714.7540 ns";"5,044.7339 ns";"251,807.129 ns";1.12;0.05;20.5078;8.7891;197670 B;0.99
CompileAndEvaluate;.NET 8.0;False;Default;Default;Default;Default;Default;Default;1111111111111111;Empty;RyuJit;Default;X64;8c5e7fda-e8bf-4a96-9a85-a6e23a8c635c;.NET 8.0;False;True;False;True;Default;Default;False;False;False;Default;Default;Default;Default;Default;Default;Default;Default;Default;Default;Default;Default;Default;Default;Default;Default;16;Default;InList;"226,030.297 ns";"4,480.6203 ns";"9,451.1496 ns";"226,760.986 ns";1.00;0.06;20.5078;9.7656;198765 B;1.00
Evaluate;.NET 10.0;False;Default;Default;Default;Default;Default;Default;1111111111111111;Empty;RyuJit;Default;X64;8c5e7fda-e8bf-4a96-9a85-a6e23a8c635c;.NET 10.0;False;True;False;True;Default;Default;False;False;False;Default;Default;Default;Default;Default;Default;Default;Default;Default;Default;Default;Default;Default;Default;Default;Default;16;Default;Large;"4,266.271 ns";81.4613 ns;83.6548 ns;"4,268.073 ns";0.54;0.02;0.0000;0.0000;24 B;1.00
Evaluate;.NET 8.0;False;Default;Default;Default;Default;Default;Default;1111111111111111;Empty;RyuJit;Default;X64;8c5e7fda-e8bf-4a96-9a85-a6e23a8c635c;.NET 8.0;False;True;False;True;Default;Default;False;False;False;Default;Default;Default;Default;Default;Default;Default;Default;Default;Default;Default;Default;Default;Default;Default;Default;16;Default;Large;"7,931.207 ns";155.7543 ns;173.1205 ns;"7,934.801 ns";1.00;0.03;0.0000;0.0000;24 B;1.00
CompileAndEvaluate;.NET 10.0;False;Default;Default;Default;Default;Default;Default;1111111111111111;Empty;RyuJit;Default;X64;8c5e7fda-e8bf-4a96-9a85-a6e23a8c635c;.NET 10.0;False;True;False;True;Default;Default;False;False;False;Default;Default;Default;Default;Default;Default;Default;Default;Default;Default;Default;Default;Default;Default;Default;Default;16;Default;Large;"13,195,331.686 ns";"262,690.3979 ns";"486,913.5342 ns";"13,165,162.500 ns";1.08;0.04;1000.0000;500.0000;9726412 B;1.02
CompileAndEvaluate;.NET 8.0;False;Default;Default;Default;Default;Default;Default;1111111111111111;Empty;RyuJit;Default;X64;8c5e7fda-e8bf-4a96-9a85-a6e23a8c635c;.NET 8.0;False;True;False;True;Default;Default;False;False;False;Default;Default;Default;Default;Default;Default;Default;Default;Default;Default;Default;Default;Default;Default;Default;Default;16;Default;Large;"12,237,780.833 ns";"199,569.0697 ns";"186,677.0317 ns";"12,262,243.750 ns";1.00;0.02;1000.0000;437.5000;9563898 B;1.00
Evaluate;.NET 10.0;False;Default;Default;Default;Default;Default;Default;1111111111111111;Empty;RyuJit;Default;X64;8c5e7fda-e8bf-4a96-9a85-a6e23a8c635c;.NET 10.0;False;True;False;True;Default;Default;False;False;False;Default;Default;Default;Default;Default;Default;Default;Default;Default;Default;Default;Default;Default;Default;Default;Default;16;Default;LegacyBig;861.353 ns;16.4469 ns;33.5967 ns;855.757 ns;0.69;0.03;0.5322;0.0000;5016 B;0.73
Evaluate;.NET 8.0;False;Default;Default;Default;Default;Default;Default;1111111111111111;Empty;RyuJit;Default;X64;8c5e7fda-e8bf-4a96-9a85-a6e23a8c635c;.NET 8.0;False;True;False;True;Default;Default;False;False;False;Default;Default;Default;Default;Default;Default;Default;Default;Default;Default;Default;Default;Default;Default;Default;Default;16;Default;LegacyBig;"1,242.937 ns";22.3977 ns;35.5252 ns;"1,240.309 ns";1.00;0.04;0.7305;0.0000;6888 B;1.00
CompileAndEvaluate;.NET 10.0;False;Default;Default;Default;Default;Default;Default;1111111111111111;Empty;RyuJit;Default;X64;8c5e7fda-e8bf-4a96-9a85-a6e23a8c635c;.NET 10.0;False;True;False;True;Default;Default;False;False;False;Default;Default;Default;Default;Default;Default;Default;Default;Default;Default;Default;Default;Default;Default;Default;Default;16;Default;LegacyBig;"28,662,216.421 ns";"1,064,151.8085 ns";"3,053,251.2432 ns";"27,522,060.000 ns";0.99;0.11;1200.0000;800.0000;11642621 B;0.99
CompileAndEvaluate;.NET 8.0;False;Default;Default;Default;Default;Default;Default;1111111111111111;Empty;RyuJit;Default;X64;8c5e7fda-e8bf-4a96-9a85-a6e23a8c635c;.NET 8.0;False;True;False;True;Default;Default;False;False;False;Default;Default;Default;Default;Default;Default;Default;Default;Default;Default;Default;Default;Default;Default;Default;Default;16;Default;LegacyBig;"28,977,567.778 ns";"571,509.5554 ns";"611,508.8218 ns";"29,022,560.000 ns";1.00;0.03;1200.0000;800.0000;11746523 B;1.00
Evaluate;.NET 10.0;False;Default;Default;Default;Default;Default;Default;1111111111111111;Empty;RyuJit;Default;X64;8c5e7fda-e8bf-4a96-9a85-a6e23a8c635c;.NET 10.0;False;True;False;True;Default;Default;False;False;False;Default;Default;Default;Default;Default;Default;Default;Default;Default;Default;Default;Default;Default;Default;Default;Default;16;Default;LegacySmall;28.314 ns;0.6149 ns;0.9390 ns;28.267 ns;0.75;0.03;0.0162;0.0000;152 B;0.76
Evaluate;.NET 8.0;False;Default;Default;Default;Default;Default;Default;1111111111111111;Empty;RyuJit;Default;X64;8c5e7fda-e8bf-4a96-9a85-a6e23a8c635c;.NET 8.0;False;True;False;True;Default;Default;False;False;False;Default;Default;Default;Default;Default;Default;Default;Default;Default;Default;Default;Default;Default;Default;Default;Default;16;Default;LegacySmall;37.909 ns;0.8162 ns;1.2707 ns;37.700 ns;1.00;0.05;0.0212;0.0000;200 B;1.00
CompileAndEvaluate;.NET 10.0;False;Default;Default;Default;Default;Default;Default;1111111111111111;Empty;RyuJit;Default;X64;8c5e7fda-e8bf-4a96-9a85-a6e23a8c635c;.NET 10.0;False;True;False;True;Default;Default;False;False;False;Default;Default;Default;Default;Default;Default;Default;Default;Default;Default;Default;Default;Default;Default;Default;Default;16;Default;LegacySmall;"171,152.554 ns";"3,222.0326 ns";"3,581.2807 ns";"171,528.613 ns";1.33;0.03;10.7422;3.9063;105110 B;1.01
CompileAndEvaluate;.NET 8.0;False;Default;Default;Default;Default;Default;Default;1111111111111111;Empty;RyuJit;Default;X64;8c5e7fda-e8bf-4a96-9a85-a6e23a8c635c;.NET 8.0;False;True;False;True;Default;Default;False;False;False;Default;Default;Default;Default;Default;Default;Default;Default;Default;Default;Default;Default;Default;Default;Default;Default;16;Default;LegacySmall;"128,536.505 ns";"2,467.1439 ns";"2,060.1769 ns";"128,703.955 ns";1.00;0.02;10.7422;3.9063;104130 B;1.00
Evaluate;.NET 10.0;False;Default;Default;Default;Default;Default;Default;1111111111111111;Empty;RyuJit;Default;X64;8c5e7fda-e8bf-4a96-9a85-a6e23a8c635c;.NET 10.0;False;True;False;True;Default;Default;False;False;False;Default;Default;Default;Default;Default;Default;Default;Default;Default;Default;Default;Default;Default;Default;Default;Default;16;Default;LegacySmallBranching;17.527 ns;0.3885 ns;0.5051 ns;17.356 ns;0.81;0.04;0.0093;0.0000;88 B;0.79
Evaluate;.NET 8.0;False;Default;Default;Default;Default;Default;Default;1111111111111111;Empty;RyuJit;Default;X64;8c5e7fda-e8bf-4a96-9a85-a6e23a8c635c;.NET 8.0;False;True;False;True;Default;Default;False;False;False;Default;Default;Default;Default;Default;Default;Default;Default;Default;Default;Default;Default;Default;Default;Default;Default;16;Default;LegacySmallBranching;21.560 ns;0.4502 ns;0.8990 ns;21.325 ns;1.00;0.06;0.0119;0.0000;112 B;1.00
CompileAndEvaluate;.NET 10.0;False;Default;Default;Default;Default;Default;Default;1111111111111111;Empty;RyuJit;Default;X64;8c5e7fda-e8bf-4a96-9a85-a6e23a8c635c;.NET 10.0;False;True;False;True;Default;Default;False;False;False;Default;Default;Default;Default;Default;Default;Default;Default;Default;Default;Default;Default;Default;Default;Default;Default;16;Default;LegacySmallBranching;"450,062.986 ns";"8,959.8015 ns";"15,214.4241 ns";"446,288.672 ns";1.07;0.05;42.9688;19.5313;422925 B;1.00
CompileAndEvaluate;.NET 8.0;False;Default;Default;Default;Default;Default;Default;1111111111111111;Empty;RyuJit;Default;X64;8c5e7fda-e8bf-4a96-9a85-a6e23a8c635c;.NET 8.0;False;True;False;True;Default;Default;False;False;False;Default;Default;Default;Default;Default;Default;Default;Default;Default;Default;Default;Default;Default;Default;Default;Default;16;Default;LegacySmallBranching;"422,516.548 ns";"8,355.9320 ns";"15,694.4670 ns";"420,064.453 ns";1.00;0.05;42.9688;15.6250;421349 B;1.00
Evaluate;.NET 10.0;False;Default;Default;Default;Default;Default;Default;1111111111111111;Empty;RyuJit;Default;X64;8c5e7fda-e8bf-4a96-9a85-a6e23a8c635c;.NET 10.0;False;True;False;True;Default;Default;False;False;False;Default;Default;Default;Default;Default;Default;Default;Default;Default;Default;Default;Default;Default;Default;Default;Default;16;Default;LogicChain;43.225 ns;0.8859 ns;1.2705 ns;42.788 ns;0.53;0.02;0.0025;0.0000;24 B;1.00
Evaluate;.NET 8.0;False;Default;Default;Default;Default;Default;Default;1111111111111111;Empty;RyuJit;Default;X64;8c5e7fda-e8bf-4a96-9a85-a6e23a8c635c;.NET 8.0;False;True;False;True;Default;Default;False;False;False;Default;Default;Default;Default;Default;Default;Default;Default;Default;Default;Default;Default;Default;Default;Default;Default;16;Default;LogicChain;82.186 ns;1.5152 ns;1.3432 ns;81.770 ns;1.00;0.02;0.0025;0.0000;24 B;1.00
CompileAndEvaluate;.NET 10.0;False;Default;Default;Default;Default;Default;Default;1111111111111111;Empty;RyuJit;Default;X64;8c5e7fda-e8bf-4a96-9a85-a6e23a8c635c;.NET 10.0;False;True;False;True;Default;Default;False;False;False;Default;Default;Default;Default;Default;Default;Default;Default;Default;Default;Default;Default;Default;Default;Default;Default;16;Default;LogicChain;"930,248.788 ns";"17,499.8312 ns";"25,651.0277 ns";"930,044.531 ns";1.03;0.03;70.3125;31.2500;730536 B;1.00
CompileAndEvaluate;.NET 8.0;False;Default;Default;Default;Default;Default;Default;1111111111111111;Empty;RyuJit;Default;X64;8c5e7fda-e8bf-4a96-9a85-a6e23a8c635c;.NET 8.0;False;True;False;True;Default;Default;False;False;False;Default;Default;Default;Default;Default;Default;Default;Default;Default;Default;Default;Default;Default;Default;Default;Default;16;Default;LogicChain;"902,824.426 ns";"17,403.3534 ns";"17,871.9627 ns";"902,601.953 ns";1.00;0.03;74.2188;46.8750;732468 B;1.00
Evaluate;.NET 10.0;False;Default;Default;Default;Default;Default;Default;1111111111111111;Empty;RyuJit;Default;X64;8c5e7fda-e8bf-4a96-9a85-a6e23a8c635c;.NET 10.0;False;True;False;True;Default;Default;False;False;False;Default;Default;Default;Default;Default;Default;Default;Default;Default;Default;Default;Default;Default;Default;Default;Default;16;Default;ManyVariables;513.757 ns;10.0349 ns;9.3867 ns;514.169 ns;0.67;0.03;0.0019;0.0000;24 B;1.00
Evaluate;.NET 8.0;False;Default;Default;Default;Default;Default;Default;1111111111111111;Empty;RyuJit;Default;X64;8c5e7fda-e8bf-4a96-9a85-a6e23a8c635c;.NET 8.0;False;True;False;True;Default;Default;False;False;False;Default;Default;Default;Default;Default;Default;Default;Default;Default;Default;Default;Default;Default;Default;Default;Default;16;Default;ManyVariables;765.676 ns;15.2103 ns;31.4119 ns;762.194 ns;1.00;0.06;0.0019;0.0000;24 B;1.00
CompileAndEvaluate;.NET 10.0;False;Default;Default;Default;Default;Default;Default;1111111111111111;Empty;RyuJit;Default;X64;8c5e7fda-e8bf-4a96-9a85-a6e23a8c635c;.NET 10.0;False;True;False;True;Default;Default;False;False;False;Default;Default;Default;Default;Default;Default;Default;Default;Default;Default;Default;Default;Default;Default;Default;Default;16;Default;ManyVariables;"545,841.024 ns";"10,774.4131 ns";"14,009.7816 ns";"541,783.203 ns";1.13;0.04;35.1563;29.2969;336080 B;1.00
CompileAndEvaluate;.NET 8.0;False;Default;Default;Default;Default;Default;Default;1111111111111111;Empty;RyuJit;Default;X64;8c5e7fda-e8bf-4a96-9a85-a6e23a8c635c;.NET 8.0;False;True;False;True;Default;Default;False;False;False;Default;Default;Default;Default;Default;Default;Default;Default;Default;Default;Default;Default;Default;Default;Default;Default;16;Default;ManyVariables;"482,645.641 ns";"9,479.5580 ns";"12,654.9387 ns";"478,758.789 ns";1.00;0.04;35.1563;23.4375;334489 B;1.00
Evaluate;.NET 10.0;False;Default;Default;Default;Default;Default;Default;1111111111111111;Empty;RyuJit;Default;X64;8c5e7fda-e8bf-4a96-9a85-a6e23a8c635c;.NET 10.0;False;True;False;True;Default;Default;False;False;False;Default;Default;Default;Default;Default;Default;Default;Default;Default;Default;Default;Default;Default;Default;Default;Default;16;Default;MixedNumeric;49.279 ns;0.7011 ns;0.6215 ns;49.131 ns;0.51;0.01;0.0025;0.0000;24 B;1.00
Evaluate;.NET 8.0;False;Default;Default;Default;Default;Default;Default;1111111111111111;Empty;RyuJit;Default;X64;8c5e7fda-e8bf-4a96-9a85-a6e23a8c635c;.NET 8.0;False;True;False;True;Default;Default;False;False;False;Default;Default;Default;Default;Default;Default;Default;Default;Default;Default;Default;Default;Default;Default;Default;Default;16;Default;MixedNumeric;95.742 ns;1.1411 ns;1.0674 ns;95.971 ns;1.00;0.02;0.0025;0.0000;24 B;1.00
CompileAndEvaluate;.NET 10.0;False;Default;Default;Default;Default;Default;Default;1111111111111111;Empty;RyuJit;Default;X64;8c5e7fda-e8bf-4a96-9a85-a6e23a8c635c;.NET 10.0;False;True;False;True;Default;Default;False;False;False;Default;Default;Default;Default;Default;Default;Default;Default;Default;Default;Default;Default;Default;Default;Default;Default;16;Default;MixedNumeric;"214,502.965 ns";"4,021.0165 ns";"3,564.5264 ns";"215,266.650 ns";1.32;0.03;12.6953;5.8594;120494 B;1.02
CompileAndEvaluate;.NET 8.0;False;Default;Default;Default;Default;Default;Default;1111111111111111;Empty;RyuJit;Default;X64;8c5e7fda-e8bf-4a96-9a85-a6e23a8c635c;.NET 8.0;False;True;False;True;Default;Default;False;False;False;Default;Default;Default;Default;Default;Default;Default;Default;Default;Default;Default;Default;Default;Default;Default;Default;16;Default;MixedNumeric;"162,327.520 ns";"2,488.7364 ns";"2,327.9656 ns";"161,490.527 ns";1.00;0.02;11.7188;4.8828;118337 B;1.00
Evaluate;.NET 10.0;False;Default;Default;Default;Default;Default;Default;1111111111111111;Empty;RyuJit;Default;X64;8c5e7fda-e8bf-4a96-9a85-a6e23a8c635c;.NET 10.0;False;True;False;True;Default;Default;False;False;False;Default;Default;Default;Default;Default;Default;Default;Default;Default;Default;Default;Default;Default;Default;Default;Default;16;Default;NestedIf;28.834 ns;0.6221 ns;0.6914 ns;28.571 ns;0.52;0.01;0.0025;0.0000;24 B;1.00
Evaluate;.NET 8.0;False;Default;Default;Default;Default;Default;Default;1111111111111111;Empty;RyuJit;Default;X64;8c5e7fda-e8bf-4a96-9a85-a6e23a8c635c;.NET 8.0;False;True;False;True;Default;Default;False;False;False;Default;Default;Default;Default;Default;Default;Default;Default;Default;Default;Default;Default;Default;Default;Default;Default;16;Default;NestedIf;55.602 ns;0.8278 ns;0.7338 ns;55.349 ns;1.00;0.02;0.0025;0.0000;24 B;1.00
CompileAndEvaluate;.NET 10.0;False;Default;Default;Default;Default;Default;Default;1111111111111111;Empty;RyuJit;Default;X64;8c5e7fda-e8bf-4a96-9a85-a6e23a8c635c;.NET 10.0;False;True;False;True;Default;Default;False;False;False;Default;Default;Default;Default;Default;Default;Default;Default;Default;Default;Default;Default;Default;Default;Default;Default;16;Default;NestedIf;"307,780.527 ns";"5,281.7608 ns";"4,940.5623 ns";"308,529.785 ns";1.25;0.04;21.4844;8.7891;203161 B;1.00
CompileAndEvaluate;.NET 8.0;False;Default;Default;Default;Default;Default;Default;1111111111111111;Empty;RyuJit;Default;X64;8c5e7fda-e8bf-4a96-9a85-a6e23a8c635c;.NET 8.0;False;True;False;True;Default;Default;False;False;False;Default;Default;Default;Default;Default;Default;Default;Default;Default;Default;Default;Default;Default;Default;Default;Default;16;Default;NestedIf;"246,922.151 ns";"4,190.6348 ns";"6,142.5786 ns";"245,612.305 ns";1.00;0.03;21.4844;9.7656;203679 B;1.00
Evaluate;.NET 10.0;False;Default;Default;Default;Default;Default;Default;1111111111111111;Empty;RyuJit;Default;X64;8c5e7fda-e8bf-4a96-9a85-a6e23a8c635c;.NET 10.0;False;True;False;True;Default;Default;False;False;False;Default;Default;Default;Default;Default;Default;Default;Default;Default;Default;Default;Default;Default;Default;Default;Default;16;Default;OnDemand;53.153 ns;1.1231 ns;1.8765 ns;52.775 ns;0.78;0.04;0.0356;0.0000;336 B;0.82
Evaluate;.NET 8.0;False;Default;Default;Default;Default;Default;Default;1111111111111111;Empty;RyuJit;Default;X64;8c5e7fda-e8bf-4a96-9a85-a6e23a8c635c;.NET 8.0;False;True;False;True;Default;Default;False;False;False;Default;Default;Default;Default;Default;Default;Default;Default;Default;Default;Default;Default;Default;Default;Default;Default;16;Default;OnDemand;67.977 ns;1.3818 ns;2.6290 ns;67.130 ns;1.00;0.05;0.0433;0.0000;408 B;1.00
CompileAndEvaluate;.NET 10.0;False;Default;Default;Default;Default;Default;Default;1111111111111111;Empty;RyuJit;Default;X64;8c5e7fda-e8bf-4a96-9a85-a6e23a8c635c;.NET 10.0;False;True;False;True;Default;Default;False;False;False;Default;Default;Default;Default;Default;Default;Default;Default;Default;Default;Default;Default;Default;Default;Default;Default;16;Default;OnDemand;"154,388.117 ns";"3,041.4347 ns";"3,380.5466 ns";"154,516.602 ns";1.63;0.05;5.8594;2.4414;58123 B;1.00
CompileAndEvaluate;.NET 8.0;False;Default;Default;Default;Default;Default;Default;1111111111111111;Empty;RyuJit;Default;X64;8c5e7fda-e8bf-4a96-9a85-a6e23a8c635c;.NET 8.0;False;True;False;True;Default;Default;False;False;False;Default;Default;Default;Default;Default;Default;Default;Default;Default;Default;Default;Default;Default;Default;Default;Default;16;Default;OnDemand;"94,665.912 ns";"1,843.0732 ns";"1,810.1443 ns";"94,165.771 ns";1.00;0.03;5.8594;2.4414;58133 B;1.00
Evaluate;.NET 10.0;False;Default;Default;Default;Default;Default;Default;1111111111111111;Empty;RyuJit;Default;X64;8c5e7fda-e8bf-4a96-9a85-a6e23a8c635c;.NET 10.0;False;True;False;True;Default;Default;False;False;False;Default;Default;Default;Default;Default;Default;Default;Default;Default;Default;Default;Default;Default;Default;Default;Default;16;Default;OwnerMembers;6.288 ns;0.1714 ns;0.1974 ns;6.277 ns;0.92;0.05;0.0025;0.0000;24 B;1.00
Evaluate;.NET 8.0;False;Default;Default;Default;Default;Default;Default;1111111111111111;Empty;RyuJit;Default;X64;8c5e7fda-e8bf-4a96-9a85-a6e23a8c635c;.NET 8.0;False;True;False;True;Default;Default;False;False;False;Default;Default;Default;Default;Default;Default;Default;Default;Default;Default;Default;Default;Default;Default;Default;Default;16;Default;OwnerMembers;6.887 ns;0.1865 ns;0.3364 ns;6.781 ns;1.00;0.07;0.0025;0.0000;24 B;1.00
CompileAndEvaluate;.NET 10.0;False;Default;Default;Default;Default;Default;Default;1111111111111111;Empty;RyuJit;Default;X64;8c5e7fda-e8bf-4a96-9a85-a6e23a8c635c;.NET 10.0;False;True;False;True;Default;Default;False;False;False;Default;Default;Default;Default;Default;Default;Default;Default;Default;Default;Default;Default;Default;Default;Default;Default;16;Default;OwnerMembers;"66,974.959 ns";"1,330.5970 ns";"1,865.3113 ns";"66,810.718 ns";1.45;0.06;4.8828;2.1973;46980 B;1.01
CompileAndEvaluate;.NET 8.0;False;Default;Default;Default;Default;Default;Default;1111111111111111;Empty;RyuJit;Default;X64;8c5e7fda-e8bf-4a96-9a85-a6e23a8c635c;.NET 8.0;False;True;False;True;Default;Default;False;False;False;Default;Default;Default;Default;Default;Default;Default;Default;Default;Default;Default;Default;Default;Default;Default;Default;16;Default;OwnerMembers;"46,149.915 ns";909.1610 ns;"1,244.4700 ns";"46,166.882 ns";1.00;0.04;4.8828;2.1973;46663 B;1.00
Evaluate;.NET 10.0;False;Default;Default;Default;Default;Default;Default;1111111111111111;Empty;RyuJit;Default;X64;8c5e7fda-e8bf-4a96-9a85-a6e23a8c635c;.NET 10.0;False;True;False;True;Default;Default;False;False;False;Default;Default;Default;Default;Default;Default;Default;Default;Default;Default;Default;Default;Default;Default;Default;Default;16;Default;Strings;44.182 ns;0.7988 ns;0.6671 ns;44.346 ns;0.75;0.01;0.0119;0.0000;112 B;1.00
Evaluate;.NET 8.0;False;Default;Default;Default;Default;Default;Default;1111111111111111;Empty;RyuJit;Default;X64;8c5e7fda-e8bf-4a96-9a85-a6e23a8c635c;.NET 8.0;False;True;False;True;Default;Default;False;False;False;Default;Default;Default;Default;Default;Default;Default;Default;Default;Default;Default;Default;Default;Default;Default;Default;16;Default;Strings;58.674 ns;0.6993 ns;0.6199 ns;58.693 ns;1.00;0.01;0.0118;0.0000;112 B;1.00
CompileAndEvaluate;.NET 10.0;False;Default;Default;Default;Default;Default;Default;1111111111111111;Empty;RyuJit;Default;X64;8c5e7fda-e8bf-4a96-9a85-a6e23a8c635c;.NET 10.0;False;True;False;True;Default;Default;False;False;False;Default;Default;Default;Default;Default;Default;Default;Default;Default;Default;Default;Default;Default;Default;Default;Default;16;Default;Strings;"480,797.848 ns";"5,572.0881 ns";"4,652.9459 ns";"479,783.740 ns";1.21;0.01;6.8359;4.8828;65391 B;1.00
CompileAndEvaluate;.NET 8.0;False;Default;Default;Default;Default;Default;Default;1111111111111111;Empty;RyuJit;Default;X64;8c5e7fda-e8bf-4a96-9a85-a6e23a8c635c;.NET 8.0;False;True;False;True;Default;Default;False;False;False;Default;Default;Default;Default;Default;Default;Default;Default;Default;Default;Default;Default;Default;Default;Default;Default;16;Default;Strings;"398,440.444 ns";"3,192.9666 ns";"2,830.4817 ns";"399,278.711 ns";1.00;0.01;6.8359;4.8828;65505 B;1.00
