Method;Job;AnalyzeLaunchVariance;EvaluateOverhead;MaxAbsoluteError;MaxRelativeError;MinInvokeCount;MinIterationTime;OutlierMode;Affinity;EnvironmentVariables;Jit;LargeAddressAware;Platform;PowerPlanMode;Runtime;AllowVeryLargeObjects;Concurrent;CpuGroups;Force;HeapAffinitizeMask;HeapCount;NoAffinitize;RetainVm;Server;Arguments;BuildConfiguration;Clock;EngineFactory;NuGetReferences;IsMutator;InvocationCount;IterationCount;IterationTime;LaunchCount;MaxIterationCount;MaxWarmupIterationCount;MemoryRandomization;MinIterationCount;MinWarmupIterationCount;RunStrategy;UnrollFactor;WarmupCount;Vector;Mean;Error;StdDev;Median;Ratio;RatioSD;Gen0;Gen1;Gen2;Allocated;Alloc Ratio
Parse;.NET 10.0;False;Default;Default;Default;Default;Default;Default;1111111111111111;Empty;RyuJit;Default;X64;8c5e7fda-e8bf-4a96-9a85-a6e23a8c635c;.NET 10.0;False;True;False;True;Default;Default;False;False;False;Default;Default;Default;Default;Default;Default;Default;Default;Default;Default;Default;Default;Default;Default;Default;Default;16;Default;ArithmeticVariables;"27,362.408 ns";539.9643 ns;"1,027.3383 ns";"27,454.065 ns";0.44;0.08;5.6152;0.2441;0.0000;54457 B;1.00
Parse;.NET 6.0;False;Default;Default;Default;Default;Default;Default;1111111111111111;Empty;RyuJit;Default;X64;8c5e7fda-e8bf-4a96-9a85-a6e23a8c635c;.NET 6.0;False;True;False;True;Default;Default;False;False;False;Default;Default;Default;Default;Default;Default;Default;Default;Default;Default;Default;Default;Default;Default;Default;Default;16;Default;ArithmeticVariables;"64,136.824 ns";"3,322.9589 ns";"9,587.4968 ns";"63,494.974 ns";1.03;0.23;5.7373;0.3052;0.0000;54391 B;1.00
Parse;.NET 8.0;False;Default;Default;Default;Default;Default;Default;1111111111111111;Empty;RyuJit;Default;X64;8c5e7fda-e8bf-4a96-9a85-a6e23a8c635c;.NET 8.0;False;True;False;True;Default;Default;False;False;False;Default;Default;Default;Default;Default;Default;Default;Default;Default;Default;Default;Default;Default;Default;Default;Default;16;Default;ArithmeticVariables;"47,328.962 ns";"1,144.2569 ns";"3,246.0665 ns";"48,205.420 ns";0.76;0.14;5.6152;0.2441;0.0000;54337 B;1.00
Compile;.NET 10.0;False;Default;Default;Default;Default;Default;Default;1111111111111111;Empty;RyuJit;Default;X64;8c5e7fda-e8bf-4a96-9a85-a6e23a8c635c;.NET 10.0;False;True;False;True;Default;Default;False;False;False;Default;Default;Default;Default;Default;Default;Default;Default;Default;Default;Default;Default;Default;Default;Default;Default;16;Default;ArithmeticVariables;"37,582.132 ns";750.3283 ns;"1,826.4030 ns";"37,323.975 ns";0.45;0.02;6.3477;2.9297;0.0000;61302 B;1.02
Compile;.NET 6.0;False;Default;Default;Default;Default;Default;Default;1111111111111111;Empty;RyuJit;Default;X64;8c5e7fda-e8bf-4a96-9a85-a6e23a8c635c;.NET 6.0;False;True;False;True;Default;Default;False;False;False;Default;Default;Default;Default;Default;Default;Default;Default;Default;Default;Default;Default;Default;Default;Default;Default;16;Default;ArithmeticVariables;"84,196.497 ns";"1,675.0979 ns";"1,994.0851 ns";"84,432.050 ns";1.00;0.03;6.4087;2.1362;0.0000;60375 B;1.00
Compile;.NET 8.0;False;Default;Default;Default;Default;Default;Default;1111111111111111;Empty;RyuJit;Default;X64;8c5e7fda-e8bf-4a96-9a85-a6e23a8c635c;.NET 8.0;False;True;False;True;Default;Default;False;False;False;Default;Default;Default;Default;Default;Default;Default;Default;Default;Default;Default;Default;Default;Default;Default;Default;16;Default;ArithmeticVariables;"71,871.478 ns";"1,431.9112 ns";"2,352.6713 ns";"72,264.917 ns";0.85;0.03;6.3477;2.9297;0.2441;61066 B;1.01
Evaluate;.NET 10.0;False;Default;Default;Default;Default;Default;Default;1111111111111111;Empty;RyuJit;Default;X64;8c5e7fda-e8bf-4a96-9a85-a6e23a8c635c;.NET 10.0;False;True;False;True;Default;Default;False;False;False;Default;Default;Default;Default;Default;Default;Default;Default;Default;Default;Default;Default;Default;Default;Default;Default;16;Default;ArithmeticVariables;29.585 ns;0.6116 ns;0.7511 ns;29.587 ns;0.56;0.02;0.0025;0.0000;0.0000;24 B;1.00
Evaluate;.NET 6.0;False;Default;Default;Default;Default;Default;Default;1111111111111111;Empty;RyuJit;Default;X64;8c5e7fda-e8bf-4a96-9a85-a6e23a8c635c;.NET 6.0;False;True;False;True;Default;Default;False;False;False;Default;Default;Default;Default;Default;Default;Default;Default;Default;Default;Default;Default;Default;Default;Default;Default;16;Default;ArithmeticVariables;52.712 ns;1.1084 ns;1.9702 ns;52.667 ns;1.00;0.05;0.0025;0.0000;0.0000;24 B;1.00
Evaluate;.NET 8.0;False;Default;Default;Default;Default;Default;Default;1111111111111111;Empty;RyuJit;Default;X64;8c5e7fda-e8bf-4a96-9a85-a6e23a8c635c;.NET 8.0;False;True;False;True;Default;Default;False;False;False;Default;Default;Default;Default;Default;Default;Default;Default;Default;Default;Default;Default;Default;Default;Default;Default;16;Default;ArithmeticVariables;44.307 ns;0.9214 ns;1.3505 ns;44.454 ns;0.84;0.04;0.0025;0.0000;0.0000;24 B;1.00
Parse;.NET 10.0;False;Default;Default;Default;Default;Default;Default;1111111111111111;Empty;RyuJit;Default;X64;8c5e7fda-e8bf-4a96-9a85-a6e23a8c635c;.NET 10.0;False;True;False;True;Default;Default;False;False;False;Default;Default;Default;Default;Default;Default;Default;Default;Default;Default;Default;Default;Default;Default;Default;Default;16;Default;Casts;"61,236.400 ns";"1,131.2594 ns";"2,576.4502 ns";"60,621.411 ns";0.50;0.02;10.7422;0.9766;0.0000;104123 B;1.09
Parse;.NET 6.0;False;Default;Default;Default;Default;Default;Default;1111111111111111;Empty;RyuJit;Default;X64;8c5e7fda-e8bf-4a96-9a85-a6e23a8c635c;.NET 6.0;False;True;False;True;Default;Default;False;False;False;Default;Default;Default;Default;Default;Default;Default;Default;Default;Default;Default;Default;Default;Default;Default;Default;16;Default;Casts;"122,694.674 ns";"2,346.4135 ns";"2,608.0324 ns";"122,517.743 ns";1.00;0.03;10.1318;0.9766;0.0000;95366 B;1.00
Parse;.NET 8.0;False;Default;Default;Default;Default;Default;Default;1111111111111111;Empty;RyuJit;Default;X64;8c5e7fda-e8bf-4a96-9a85-a6e23a8c635c;.NET 8.0;False;True;False;True;Default;Default;False;False;False;Default;Default;Default;Default;Default;Default;Default;Default;Default;Default;Default;Default;Default;Default;Default;Default;16;Default;Casts;"104,994.650 ns";"2,089.8301 ns";"6,129.1105 ns";"107,104.053 ns";0.86;0.05;10.7422;0.9766;0.0000;103358 B;1.08
Compile;.NET 10.0;False;Default;Default;Default;Default;Default;Default;1111111111111111;Empty;RyuJit;Default;X64;8c5e7fda-e8bf-4a96-9a85-a6e23a8c635c;.NET 10.0;False;True;False;True;Default;Default;False;False;False;Default;Default;Default;Default;Default;Default;Default;Default;Default;Default;Default;Default;Default;Default;Default;Default;16;Default;Casts;"89,482.893 ns";"1,788.7440 ns";"3,926.3368 ns";"88,765.771 ns";0.50;0.03;15.6250;4.8828;0.0000;148139 B;1.19
Compile;.NET 6.0;False;Default;Default;Default;Default;Default;Default;1111111111111111;Empty;RyuJit;Default;X64;8c5e7fda-e8bf-4a96-9a85-a6e23a8c635c;.NET 6.0;False;True;False;True;Default;Default;False;False;False;Default;Default;Default;Default;Default;Default;Default;Default;Default;Default;Default;Default;Default;Default;Default;Default;16;Default;Casts;"177,457.079 ns";"3,067.9633 ns";"4,685.1044 ns";"176,063.867 ns";1.00;0.04;13.1836;3.5400;0.0000;124619 B;1.00
Compile;.NET 8.0;False;Default;Default;Default;Default;Default;Default;1111111111111111;Empty;RyuJit;Default;X64;8c5e7fda-e8bf-4a96-9a85-a6e23a8c635c;.NET 8.0;False;True;False;True;Default;Default;False;False;False;Default;Default;Default;Default;Default;Default;Default;Default;Default;Default;Default;Default;Default;Default;Default;Default;16;Default;Casts;"170,887.549 ns";"3,408.0272 ns";"8,674.5180 ns";"173,325.586 ns";0.96;0.05;14.6484;3.9063;0.0000;146012 B;1.17
Evaluate;.NET 10.0;False;Default;Default;Default;Default;Default;Default;1111111111111111;Empty;RyuJit;Default;X64;8c5e7fda-e8bf-4a96-9a85-a6e23a8c635c;.NET 10.0;False;True;False;True;Default;Default;False;False;False;Default;Default;Default;Default;Default;Default;Default;Default;Default;Default;Default;Default;Default;Default;Default;Default;16;Default;Casts;56.305 ns;1.1797 ns;3.0240 ns;56.796 ns;0.76;0.04;0.0025;0.0000;0.0000;24 B;1.00
Evaluate;.NET 6.0;False;Default;Default;Default;Default;Default;Default;1111111111111111;Empty;RyuJit;Default;X64;8c5e7fda-e8bf-4a96-9a85-a6e23a8c635c;.NET 6.0;False;True;False;True;Default;Default;False;False;False;Default;Default;Default;Default;Default;Default;Default;Default;Default;Default;Default;Default;Default;Default;Default;Default;16;Default;Casts;73.846 ns;1.4839 ns;1.3880 ns;73.925 ns;1.00;0.03;0.0025;0.0000;0.0000;24 B;1.00
Evaluate;.NET 8.0;False;Default;Default;Default;Default;Default;Default;1111111111111111;Empty;RyuJit;Default;X64;8c5e7fda-e8bf-4a96-9a85-a6e23a8c635c;.NET 8.0;False;True;False;True;Default;Default;False;False;False;Default;Default;Default;Default;Default;Default;Default;Default;Default;Default;Default;Default;Default;Default;Default;Default;16;Default;Casts;64.397 ns;1.1962 ns;2.2759 ns;63.910 ns;0.87;0.03;0.0025;0.0000;0.0000;24 B;1.00
Parse;.NET 10.0;False;Default;Default;Default;Default;Default;Default;1111111111111111;Empty;RyuJit;Default;X64;8c5e7fda-e8bf-4a96-9a85-a6e23a8c635c;.NET 10.0;False;True;False;True;Default;Default;False;False;False;Default;Default;Default;Default;Default;Default;Default;Default;Default;Default;Default;Default;Default;Default;Default;Default;16;Default;Constants;"24,514.980 ns";"1,323.3640 ns";"3,881.1977 ns";"23,400.439 ns";0.83;0.14;4.0283;0.1221;0.0000;37971 B;1.00
Parse;.NET 6.0;False;Default;Default;Default;Default;Default;Default;1111111111111111;Empty;RyuJit;Default;X64;8c5e7fda-e8bf-4a96-9a85-a6e23a8c635c;.NET 6.0;False;True;False;True;Default;Default;False;False;False;Default;Default;Default;Default;Default;Default;Default;Default;Default;Default;Default;Default;Default;Default;Default;Default;16;Default;Constants;"29,689.996 ns";584.9646 ns;"1,320.3628 ns";"29,406.711 ns";1.00;0.06;3.9978;0.1526;0.0000;37882 B;1.00
Parse;.NET 8.0;False;Default;Default;Default;Default;Default;Default;1111111111111111;Empty;RyuJit;Default;X64;8c5e7fda-e8bf-4a96-9a85-a6e23a8c635c;.NET 8.0;False;True;False;True;Default;Default;False;False;False;Default;Default;Default;Default;Default;Default;Default;Default;Default;Default;Default;Default;Default;Default;Default;Default;16;Default;Constants;"21,439.042 ns";514.0490 ns;"1,491.3495 ns";"21,538.110 ns";0.72;0.06;4.0283;0.1221;0.0000;37915 B;1.00
Compile;.NET 10.0;False;Default;Default;Default;Default;Default;Default;1111111111111111;Empty;RyuJit;Default;X64;8c5e7fda-e8bf-4a96-9a85-a6e23a8c635c;.NET 10.0;False;True;False;True;Default;Default;False;False;False;Default;Default;Default;Default;Default;Default;Default;Default;Default;Default;Default;Default;Default;Default;Default;Default;16;Default;Constants;"31,917.009 ns";622.9073 ns;"1,443.6825 ns";"32,056.421 ns";0.77;0.04;4.3945;1.9531;0.0000;42381 B;1.02
Compile;.NET 6.0;False;Default;Default;Default;Default;Default;Default;1111111111111111;Empty;RyuJit;Default;X64;8c5e7fda-e8bf-4a96-9a85-a6e23a8c635c;.NET 6.0;False;True;False;True;Default;Default;False;False;False;Default;Default;Default;Default;Default;Default;Default;Default;Default;Default;Default;Default;Default;Default;Default;Default;16;Default;Constants;"41,319.476 ns";671.8861 ns;628.4827 ns;"41,268.121 ns";1.00;0.02;4.3945;1.4648;0.0000;41645 B;1.00
Compile;.NET 8.0;False;Default;Default;Default;Default;Default;Default;1111111111111111;Empty;RyuJit;Default;X64;8c5e7fda-e8bf-4a96-9a85-a6e23a8c635c;.NET 8.0;False;True;False;True;Default;Default;False;False;False;Default;Default;Default;Default;Default;Default;Default;Default;Default;Default;Default;Default;Default;Default;Default;Default;16;Default;Constants;"33,393.347 ns";662.8446 ns;"1,588.1334 ns";"33,953.790 ns";0.81;0.04;4.3945;2.0752;0.0000;42325 B;1.02
Evaluate;.NET 10.0;False;Default;Default;Default;Default;Default;Default;1111111111111111;Empty;RyuJit;Default;X64;8c5e7fda-e8bf-4a96-9a85-a6e23a8c635c;.NET 10.0;False;True;False;True;Default;Default;False;False;False;Default;Default;Default;Default;Default;Default;Default;Default;Default;Default;Default;Default;Default;Default;Default;Default;16;Default;Constants;11.914 ns;1.3978 ns;4.1214 ns;10.462 ns;1.72;0.64;0.0025;0.0000;0.0000;24 B;1.00
Evaluate;.NET 6.0;False;Default;Default;Default;Default;Default;Default;1111111111111111;Empty;RyuJit;Default;X64;8c5e7fda-e8bf-4a96-9a85-a6e23a8c635c;.NET 6.0;False;True;False;True;Default;Default;False;False;False;Default;Default;Default;Default;Default;Default;Default;Default;Default;Default;Default;Default;Default;Default;Default;Default;16;Default;Constants;7.029 ns;0.2924 ns;0.8483 ns;7.016 ns;1.02;0.18;0.0025;0.0000;0.0000;24 B;1.00
Evaluate;.NET 8.0;False;Default;Default;Default;Default;Default;Default;1111111111111111;Empty;RyuJit;Default;X64;8c5e7fda-e8bf-4a96-9a85-a6e23a8c635c;.NET 8.0;False;True;False;True;Default;Default;False;False;False;Default;Default;Default;Default;Default;Default;Default;Default;Default;Default;Default;Default;Default;Default;Default;Default;16;Default;Constants;8.729 ns;0.2240 ns;0.3140 ns;8.761 ns;1.26;0.18;0.0025;0.0000;0.0000;24 B;1.00
Parse;.NET 10.0;False;Default;Default;Default;Default;Default;Default;1111111111111111;Empty;RyuJit;Default;X64;8c5e7fda-e8bf-4a96-9a85-a6e23a8c635c;.NET 10.0;False;True;False;True;Default;Default;False;False;False;Default;Default;Default;Default;Default;Default;Default;Default;Default;Default;Default;Default;Default;Default;Default;Default;16;Default;InList;"139,184.591 ns";"2,740.3754 ns";"4,101.6652 ns";"139,802.271 ns";0.68;0.02;19.0430;3.7842;0.0000;180233 B;1.00
Parse;.NET 6.0;False;Default;Default;Default;Default;Default;Default;1111111111111111;Empty;RyuJit;Default;X64;8c5e7fda-e8bf-4a96-9a85-a6e23a8c635c;.NET 6.0;False;True;False;True;Default;Default;False;False;False;Default;Default;Default;Default;Default;Default;Default;Default;Default;Default;Default;Default;Default;Default;Default;Default;16;Default;InList;"204,218.324 ns";"3,816.8559 ns";"4,083.9931 ns";"205,092.786 ns";1.00;0.03;19.0430;3.6621;0.0000;180280 B;1.00
Parse;.NET 8.0;False;Default;Default;Default;Default;Default;Default;1111111111111111;Empty;RyuJit;Default;X64;8c5e7fda-e8bf-4a96-9a85-a6e23a8c635c;.NET 8.0;False;True;False;True;Default;Default;False;False;False;Default;Default;Default;Default;Default;Default;Default;Default;Default;Default;Default;Default;Default;Default;Default;Default;16;Default;InList;"154,925.803 ns";"3,063.4986 ns";"5,975.1192 ns";"153,817.603 ns";0.76;0.03;19.0430;3.6621;0.0000;180240 B;1.00
Compile;.NET 10.0;False;Default;Default;Default;Default;Default;Default;1111111111111111;Empty;RyuJit;Default;X64;8c5e7fda-e8bf-4a96-9a85-a6e23a8c635c;.NET 10.0;False;True;False;True;Default;Default;False;False;False;Default;Default;Default;Default;Default;Default;Default;Default;Default;Default;Default;Default;Default;Default;Default;Default;16;Default;InList;"169,203.409 ns";"3,368.7843 ns";"9,334.8860 ns";"171,477.295 ns";0.68;0.04;20.5078;8.7891;0.0000;197646 B;0.99
Compile;.NET 6.0;False;Default;Default;Default;Default;Default;Default;1111111111111111;Empty;RyuJit;Default;X64;8c5e7fda-e8bf-4a96-9a85-a6e23a8c635c;.NET 6.0;False;True;False;True;Default;Default;False;False;False;Default;Default;Default;Default;Default;Default;Default;Default;Default;Default;Default;Default;Default;Default;Default;Default;16;Default;InList;"250,700.208 ns";"4,073.8628 ns";"3,810.6938 ns";"251,183.496 ns";1.00;0.02;20.9961;6.5918;0.0000;199377 B;1.00
Compile;.NET 8.0;False;Default;Default;Default;Default;Default;Default;1111111111111111;Empty;RyuJit;Default;X64;8c5e7fda-e8bf-4a96-9a85-a6e23a8c635c;.NET 8.0;False;True;False;True;Default;Default;False;False;False;Default;Default;Default;Default;Default;Default;Default;Default;Default;Default;Default;Default;Default;Default;Default;Default;16;Default;InList;"188,217.439 ns";"3,717.6452 ns";"7,424.5398 ns";"189,574.121 ns";0.75;0.03;20.5078;8.7891;0.0000;198741 B;1.00
Evaluate;.NET 10.0;False;Default;Default;Default;Default;Default;Default;1111111111111111;Empty;RyuJit;Default;X64;8c5e7fda-e8bf-4a96-9a85-a6e23a8c635c;.NET 10.0;False;True;False;True;Default;Default;False;False;False;Default;Default;Default;Default;Default;Default;Default;Default;Default;Default;Default;Default;Default;Default;Default;Default;16;Default;InList;19.016 ns;0.4572 ns;1.0413 ns;19.053 ns;0.61;0.04;0.0025;0.0000;0.0000;24 B;1.00
Evaluate;.NET 6.0;False;Default;Default;Default;Default;Default;Default;1111111111111111;Empty;RyuJit;Default;X64;8c5e7fda-e8bf-4a96-9a85-a6e23a8c635c;.NET 6.0;False;True;False;True;Default;Default;False;False;False;Default;Default;Default;Default;Default;Default;Default;Default;Default;Default;Default;Default;Default;Default;Default;Default;16;Default;InList;31.326 ns;0.6775 ns;0.6958 ns;31.312 ns;1.00;0.03;0.0025;0.0000;0.0000;24 B;1.00
Evaluate;.NET 8.0;False;Default;Default;Default;Default;Default;Default;1111111111111111;Empty;RyuJit;Default;X64;8c5e7fda-e8bf-4a96-9a85-a6e23a8c635c;.NET 8.0;False;True;False;True;Default;Default;False;False;False;Default;Default;Default;Default;Default;Default;Default;Default;Default;Default;Default;Default;Default;Default;Default;Default;16;Default;InList;25.804 ns;0.5235 ns;0.4641 ns;25.841 ns;0.82;0.02;0.0025;0.0000;0.0000;24 B;1.00
Parse;.NET 10.0;False;Default;Default;Default;Default;Default;Default;1111111111111111;Empty;RyuJit;Default;X64;8c5e7fda-e8bf-4a96-9a85-a6e23a8c635c;.NET 10.0;False;True;False;True;Default;Default;False;False;False;Default;Default;Default;Default;Default;Default;Default;Default;Default;Default;Default;Default;Default;Default;Default;Default;16;Default;Large;"8,736,180.631 ns";"172,680.1418 ns";"360,447.7875 ns";"8,750,571.875 ns";0.74;0.04;625.0000;546.8750;0.0000;6018802 B;1.01
Parse;.NET 6.0;False;Default;Default;Default;Default;Default;Default;1111111111111111;Empty;RyuJit;Default;X64;8c5e7fda-e8bf-4a96-9a85-a6e23a8c635c;.NET 6.0;False;True;False;True;Default;Default;False;False;False;Default;Default;Default;Default;Default;Default;Default;Default;Default;Default;Default;Default;Default;Default;Default;Default;16;Default;Large;"11,737,502.202 ns";"226,246.4135 ns";"277,850.9383 ns";"11,781,181.250 ns";1.00;0.03;625.0000;312.5000;0.0000;5985171 B;1.00
Parse;.NET 8.0;False;Default;Default;Default;Default;Default;Default;1111111111111111;Empty;RyuJit;Default;X64;8c5e7fda-e8bf-4a96-9a85-a6e23a8c635c;.NET 8.0;False;True;False;True;Default;Default;False;False;False;Default;Default;Default;Default;Default;Default;Default;Default;Default;Default;Default;Default;Default;Default;Default;Default;16;Default;Large;"9,226,375.050 ns";"181,145.7902 ns";"276,628.7763 ns";"9,291,560.938 ns";0.79;0.03;632.8125;562.5000;0.0000;5980367 B;1.00
Compile;.NET 10.0;False;Default;Default;Default;Default;Default;Default;1111111111111111;Empty;RyuJit;Default;X64;8c5e7fda-e8bf-4a96-9a85-a6e23a8c635c;.NET 10.0;False;True;False;True;Default;Default;False;False;False;Default;Default;Default;Default;Default;Default;Default;Default;Default;Default;Default;Default;Default;Default;Default;Default;16;Default;Large;"12,399,767.686 ns";"246,769.5272 ns";"481,305.0475 ns";"12,469,818.750 ns";0.75;0.03;1000.0000;312.5000;0.0000;9711060 B;1.13
Compile;.NET 6.0;False;Default;Default;Default;Default;Default;Default;1111111111111111;Empty;RyuJit;Default;X64;8c5e7fda-e8bf-4a96-9a85-a6e23a8c635c;.NET 6.0;False;True;False;True;Default;Default;False;False;False;Default;Default;Default;Default;Default;Default;Default;Default;Default;Default;Default;Default;Default;Default;Default;Default;16;Default;Large;"16,627,548.438 ns";"330,434.2929 ns";"380,528.6232 ns";"16,750,210.156 ns";1.00;0.03;906.2500;406.2500;15.6250;8564902 B;1.00
Compile;.NET 8.0;False;Default;Default;Default;Default;Default;Default;1111111111111111;Empty;RyuJit;Default;X64;8c5e7fda-e8bf-4a96-9a85-a6e23a8c635c;.NET 8.0;False;True;False;True;Default;Default;False;False;False;Default;Default;Default;Default;Default;Default;Default;Default;Default;Default;Default;Default;Default;Default;Default;Default;16;Default;Large;"12,613,596.528 ns";"285,582.5850 ns";"837,564.3465 ns";"12,961,287.500 ns";0.76;0.05;1000.0000;437.5000;0.0000;9558614 B;1.12
Evaluate;.NET 10.0;False;Default;Default;Default;Default;Default;Default;1111111111111111;Empty;RyuJit;Default;X64;8c5e7fda-e8bf-4a96-9a85-a6e23a8c635c;.NET 10.0;False;True;False;True;Default;Default;False;False;False;Default;Default;Default;Default;Default;Default;Default;Default;Default;Default;Default;Default;Default;Default;Default;Default;16;Default;Large;"6,213.080 ns";121.8524 ns;312.3544 ns;"6,194.302 ns";0.50;0.03;0.0000;0.0000;0.0000;24 B;1.00
Evaluate;.NET 6.0;False;Default;Default;Default;Default;Default;Default;1111111111111111;Empty;RyuJit;Default;X64;8c5e7fda-e8bf-4a96-9a85-a6e23a8c635c;.NET 6.0;False;True;False;True;Default;Default;False;False;False;Default;Default;Default;Default;Default;Default;Default;Default;Default;Default;Default;Default;Default;Default;Default;Default;16;Default;Large;"12,424.183 ns";245.5392 ns;319.2704 ns;"12,367.180 ns";1.00;0.04;0.0000;0.0000;0.0000;24 B;1.00
Evaluate;.NET 8.0;False;Default;Default;Default;Default;Default;Default;1111111111111111;Empty;RyuJit;Default;X64;8c5e7fda-e8bf-4a96-9a85-a6e23a8c635c;.NET 8.0;False;True;False;True;Default;Default;False;False;False;Default;Default;Default;Default;Default;Default;Default;Default;Default;Default;Default;Default;Default;Default;Default;Default;16;Default;Large;"10,265.836 ns";205.2288 ns;228.1113 ns;"10,290.707 ns";0.83;0.03;0.0000;0.0000;0.0000;24 B;1.00
Parse;.NET 10.0;False;Default;Default;Default;Default;Default;Default;1111111111111111;Empty;RyuJit;Default;X64;8c5e7fda-e8bf-4a96-9a85-a6e23a8c635c;.NET 10.0;False;True;False;True;Default;Default;False;False;False;Default;Default;Default;Default;Default;Default;Default;Default;Default;Default;Default;Default;Default;Default;Default;Default;16;Default;LegacyBig;"19,811,738.359 ns";"391,931.9991 ns";"696,658.7852 ns";"19,890,459.375 ns";1.20;0.06;1093.7500;1000.0000;31.2500;10330100 B;1.00
Parse;.NET 6.0;False;Default;Default;Default;Default;Default;Default;1111111111111111;Empty;RyuJit;Default;X64;8c5e7fda-e8bf-4a96-9a85-a6e23a8c635c;.NET 6.0;False;True;False;True;Default;Default;False;False;False;Default;Default;Default;Default;Default;Default;Default;Default;Default;Default;Default;Default;Default;Default;Default;Default;16;Default;LegacyBig;"16,582,223.730 ns";"329,172.8594 ns";"512,482.5265 ns";"16,525,931.250 ns";1.00;0.04;1093.7500;500.0000;0.0000;10347414 B;1.00
Parse;.NET 8.0;False;Default;Default;Default;Default;Default;Default;1111111111111111;Empty;RyuJit;Default;X64;8c5e7fda-e8bf-4a96-9a85-a6e23a8c635c;.NET 8.0;False;True;False;True;Default;Default;False;False;False;Default;Default;Default;Default;Default;Default;Default;Default;Default;Default;Default;Default;Default;Default;Default;Default;16;Default;LegacyBig;"14,606,221.394 ns";"175,381.6594 ns";"146,451.6287 ns";"14,578,696.875 ns";0.88;0.03;1109.3750;1031.2500;46.8750;10329987 B;1.00
Compile;.NET 10.0;False;Default;Default;Default;Default;Default;Default;1111111111111111;Empty;RyuJit;Default;X64;8c5e7fda-e8bf-4a96-9a85-a6e23a8c635c;.NET 10.0;False;True;False;True;Default;Default;False;False;False;Default;Default;Default;Default;Default;Default;Default;Default;Default;Default;Default;Default;Default;Default;Default;Default;16;Default;LegacyBig;"26,971,924.583 ns";"582,399.2049 ns";"1,680,354.9917 ns";"27,515,340.000 ns";0.75;0.05;1200.0000;800.0000;0.0000;11637605 B;0.97
Compile;.NET 6.0;False;Default;Default;Default;Default;Default;Default;1111111111111111;Empty;RyuJit;Default;X64;8c5e7fda-e8bf-4a96-9a85-a6e23a8c635c;.NET 6.0;False;True;False;True;Default;Default;False;False;False;Default;Default;Default;Default;Default;Default;Default;Default;Default;Default;Default;Default;Default;Default;Default;Default;16;Default;LegacyBig;"36,058,506.536 ns";"721,165.1725 ns";"1,473,149.4535 ns";"35,476,240.000 ns";1.00;0.06;1266.6667;600.0000;0.0000;11957988 B;1.00
Compile;.NET 8.0;False;Default;Default;Default;Default;Default;Default;1111111111111111;Empty;RyuJit;Default;X64;8c5e7fda-e8bf-4a96-9a85-a6e23a8c635c;.NET 8.0;False;True;False;True;Default;Default;False;False;False;Default;Default;Default;Default;Default;Default;Default;Default;Default;Default;Default;Default;Default;Default;Default;Default;16;Default;LegacyBig;"20,320,498.558 ns";"356,964.8543 ns";"298,081.8204 ns";"20,271,781.250 ns";0.56;0.02;1218.7500;968.7500;0.0000;11739101 B;0.98
Evaluate;.NET 10.0;False;Default;Default;Default;Default;Default;Default;1111111111111111;Empty;RyuJit;Default;X64;8c5e7fda-e8bf-4a96-9a85-a6e23a8c635c;.NET 10.0;False;True;False;True;Default;Default;False;False;False;Default;Default;Default;Default;Default;Default;Default;Default;Default;Default;Default;Default;Default;Default;Default;Default;16;Default;LegacyBig;"1,135.088 ns";94.2828 ns;277.9950 ns;996.281 ns;0.48;0.12;0.5322;0.0000;0.0000;5016 B;0.73
Evaluate;.NET 6.0;False;Default;Default;Default;Default;Default;Default;1111111111111111;Empty;RyuJit;Default;X64;8c5e7fda-e8bf-4a96-9a85-a6e23a8c635c;.NET 6.0;False;True;False;True;Default;Default;False;False;False;Default;Default;Default;Default;Default;Default;Default;Default;Default;Default;Default;Default;Default;Default;Default;Default;16;Default;LegacyBig;"2,389.486 ns";39.3083 ns;32.8242 ns;"2,386.449 ns";1.00;0.02;0.7286;0.0000;0.0000;6888 B;1.00
Evaluate;.NET 8.0;False;Default;Default;Default;Default;Default;Default;1111111111111111;Empty;RyuJit;Default;X64;8c5e7fda-e8bf-4a96-9a85-a6e23a8c635c;.NET 8.0;False;True;False;True;Default;Default;False;False;False;Default;Default;Default;Default;Default;Default;Default;Default;Default;Default;Default;Default;Default;Default;Default;Default;16;Default;LegacyBig;"1,278.416 ns";25.4495 ns;58.9831 ns;"1,272.850 ns";0.54;0.03;0.7305;0.0000;0.0000;6888 B;1.00
Parse;.NET 10.0;False;Default;Default;Default;Default;Default;Default;1111111111111111;Empty;RyuJit;Default;X64;8c5e7fda-e8bf-4a96-9a85-a6e23a8c635c;.NET 10.0;False;True;False;True;Default;Default;False;False;False;Default;Default;Default;Default;Default;Default;Default;Default;Default;Default;Default;Default;Default;Default;Default;Default;16;Default;LegacySmall;"37,077.555 ns";705.4515 ns;754.8252 ns;"36,995.422 ns";0.66;0.01;7.3242;0.7324;0.0000;70783 B;1.00
Parse;.NET 6.0;False;Default;Default;Default;Default;Default;Default;1111111111111111;Empty;RyuJit;Default;X64;8c5e7fda-e8bf-4a96-9a85-a6e23a8c635c;.NET 6.0;False;True;False;True;Default;Default;False;False;False;Default;Default;Default;Default;Default;Default;Default;Default;Default;Default;Default;Default;Default;Default;Default;Default;16;Default;LegacySmall;"55,838.030 ns";653.9152 ns;611.6726 ns;"55,900.073 ns";1.00;0.01;7.4463;0.6104;0.0000;70581 B;1.00
Parse;.NET 8.0;False;Default;Default;Default;Default;Default;Default;1111111111111111;Empty;RyuJit;Default;X64;8c5e7fda-e8bf-4a96-9a85-a6e23a8c635c;.NET 8.0;False;True;False;True;Default;Default;False;False;False;Default;Default;Default;Default;Default;Default;Default;Default;Default;Default;Default;Default;Default;Default;Default;Default;16;Default;LegacySmall;"40,271.745 ns";803.2312 ns;824.8593 ns;"40,031.836 ns";0.72;0.02;7.4463;0.6714;0.0000;70598 B;1.00
Compile;.NET 10.0;False;Default;Default;Default;Default;Default;Default;1111111111111111;Empty;RyuJit;Default;X64;8c5e7fda-e8bf-4a96-9a85-a6e23a8c635c;.NET 10.0;False;True;False;True;Default;Default;False;False;False;Default;Default;Default;Default;Default;Default;Default;Default;Default;Default;Default;Default;Default;Default;Default;Default;16;Default;LegacySmall;"60,169.951 ns";"1,195.2239 ns";"3,106.5460 ns";"59,930.884 ns";0.78;0.04;10.7422;4.3945;0.0000;105069 B;1.12
Compile;.NET 6.0;False;Default;Default;Default;Default;Default;Default;1111111111111111;Empty;RyuJit;Default;X64;8c5e7fda-e8bf-4a96-9a85-a6e23a8c635c;.NET 6.0;False;True;False;True;Default;Default;False;False;False;Default;Default;Default;Default;Default;Default;Default;Default;Default;Default;Default;Default;Default;Default;Default;Default;16;Default;LegacySmall;"76,773.035 ns";985.2165 ns;822.7004 ns;"76,751.416 ns";1.00;0.01;9.8877;3.2959;0.0000;93506 B;1.00
Compile;.NET 8.0;False;Default;Default;Default;Default;Default;Default;1111111111111111;Empty;RyuJit;Default;X64;8c5e7fda-e8bf-4a96-9a85-a6e23a8c635c;.NET 8.0;False;True;False;True;Default;Default;False;False;False;Default;Default;Default;Default;Default;Default;Default;Default;Default;Default;Default;Default;Default;Default;Default;Default;16;Default;LegacySmall;"67,707.856 ns";"1,126.4171 ns";"1,156.7474 ns";"67,786.768 ns";0.88;0.02;10.7422;3.9063;0.0000;103951 B;1.11
Evaluate;.NET 10.0;False;Default;Default;Default;Default;Default;Default;1111111111111111;Empty;RyuJit;Default;X64;8c5e7fda-e8bf-4a96-9a85-a6e23a8c635c;.NET 10.0;False;True;False;True;Default;Default;False;False;False;Default;Default;Default;Default;Default;Default;Default;Default;Default;Default;Default;Default;Default;Default;Default;Default;16;Default;LegacySmall;38.269 ns;0.8173 ns;1.8778 ns;37.531 ns;0.57;0.03;0.0162;0.0000;0.0000;152 B;0.76
Evaluate;.NET 6.0;False;Default;Default;Default;Default;Default;Default;1111111111111111;Empty;RyuJit;Default;X64;8c5e7fda-e8bf-4a96-9a85-a6e23a8c635c;.NET 6.0;False;True;False;True;Default;Default;False;False;False;Default;Default;Default;Default;Default;Default;Default;Default;Default;Default;Default;Default;Default;Default;Default;Default;16;Default;LegacySmall;67.472 ns;1.3605 ns;1.3362 ns;67.070 ns;1.00;0.03;0.0212;0.0000;0.0000;200 B;1.00
Evaluate;.NET 8.0;False;Default;Default;Default;Default;Default;Default;1111111111111111;Empty;RyuJit;Default;X64;8c5e7fda-e8bf-4a96-9a85-a6e23a8c635c;.NET 8.0;False;True;False;True;Default;Default;False;False;False;Default;Default;Default;Default;Default;Default;Default;Default;Default;Default;Default;Default;Default;Default;Default;Default;16;Default;LegacySmall;36.162 ns;0.7416 ns;0.7616 ns;36.086 ns;0.54;0.01;0.0212;0.0000;0.0000;200 B;1.00
Parse;.NET 10.0;False;Default;Default;Default;Default;Default;Default;1111111111111111;Empty;RyuJit;Default;X64;8c5e7fda-e8bf-4a96-9a85-a6e23a8c635c;.NET 10.0;False;True;False;True;Default;Default;False;False;False;Default;Default;Default;Default;Default;Default;Default;Default;Default;Default;Default;Default;Default;Default;Default;Default;16;Default;LegacySmallBranching;"215,838.838 ns";"4,091.5608 ns";"4,711.8475 ns";"216,442.383 ns";0.66;0.02;37.1094;11.7188;0.0000;358798 B;1.03
Parse;.NET 6.0;False;Default;Default;Default;Default;Default;Default;1111111111111111;Empty;RyuJit;Default;X64;8c5e7fda-e8bf-4a96-9a85-a6e23a8c635c;.NET 6.0;False;True;False;True;Default;Default;False;False;False;Default;Default;Default;Default;Default;Default;Default;Default;Default;Default;Default;Default;Default;Default;Default;Default;16;Default;LegacySmallBranching;"328,803.617 ns";"4,887.1961 ns";"4,571.4862 ns";"326,999.512 ns";1.00;0.02;37.1094;10.7422;0.0000;349779 B;1.00
Parse;.NET 8.0;False;Default;Default;Default;Default;Default;Default;1111111111111111;Empty;RyuJit;Default;X64;8c5e7fda-e8bf-4a96-9a85-a6e23a8c635c;.NET 8.0;False;True;False;True;Default;Default;False;False;False;Default;Default;Default;Default;Default;Default;Default;Default;Default;Default;Default;Default;Default;Default;Default;Default;16;Default;LegacySmallBranching;"240,008.173 ns";"4,390.9028 ns";"3,666.6027 ns";"239,806.250 ns";0.73;0.01;37.1094;13.6719;0.0000;357774 B;1.02
Compile;.NET 10.0;False;Default;Default;Default;Default;Default;Default;1111111111111111;Empty;RyuJit;Default;X64;8c5e7fda-e8bf-4a96-9a85-a6e23a8c635c;.NET 10.0;False;True;False;True;Default;Default;False;False;False;Default;Default;Default;Default;Default;Default;Default;Default;Default;Default;Default;Default;Default;Default;Default;Default;16;Default;LegacySmallBranching;"263,542.826 ns";"4,602.5719 ns";"4,305.2486 ns";"263,428.125 ns";0.71;0.02;44.9219;19.5313;0.0000;422790 B;1.06
Compile;.NET 6.0;False;Default;Default;Default;Default;Default;Default;1111111111111111;Empty;RyuJit;Default;X64;8c5e7fda-e8bf-4a96-9a85-a6e23a8c635c;.NET 6.0;False;True;False;True;Default;Default;False;False;False;Default;Default;Default;Default;Default;Default;Default;Default;Default;Default;Default;Default;Default;Default;Default;Default;16;Default;LegacySmallBranching;"372,291.673 ns";"6,975.0959 ns";"6,524.5091 ns";"370,792.041 ns";1.00;0.02;41.9922;13.6719;0.0000;397080 B;1.00
Compile;.NET 8.0;False;Default;Default;Default;Default;Default;Default;1111111111111111;Empty;RyuJit;Default;X64;8c5e7fda-e8bf-4a96-9a85-a6e23a8c635c;.NET 8.0;False;True;False;True;Default;Default;False;False;False;Default;Default;Default;Default;Default;Default;Default;Default;Default;Default;Default;Default;Default;Default;Default;Default;16;Default;LegacySmallBranching;"297,805.388 ns";"5,872.9254 ns";"9,483.6806 ns";"297,460.742 ns";0.80;0.03;42.9688;13.6719;0.0000;421031 B;1.06
Evaluate;.NET 10.0;False;Default;Default;Default;Default;Default;Default;1111111111111111;Empty;RyuJit;Default;X64;8c5e7fda-e8bf-4a96-9a85-a6e23a8c635c;.NET 10.0;False;True;False;True;Default;Default;False;False;False;Default;Default;Default;Default;Default;Default;Default;Default;Default;Default;Default;Default;Default;Default;Default;Default;16;Default;LegacySmallBranching;16.585 ns;0.3514 ns;0.3115 ns;16.549 ns;0.46;0.01;0.0093;0.0000;0.0000;88 B;0.79
Evaluate;.NET 6.0;False;Default;Default;Default;Default;Default;Default;1111111111111111;Empty;RyuJit;Default;X64;8c5e7fda-e8bf-4a96-9a85-a6e23a8c635c;.NET 6.0;False;True;False;True;Default;Default;False;False;False;Default;Default;Default;Default;Default;Default;Default;Default;Default;Default;Default;Default;Default;Default;Default;Default;16;Default;LegacySmallBranching;35.717 ns;0.5330 ns;0.4725 ns;35.696 ns;1.00;0.02;0.0119;0.0000;0.0000;112 B;1.00
Evaluate;.NET 8.0;False;Default;Default;Default;Default;Default;Default;1111111111111111;Empty;RyuJit;Default;X64;8c5e7fda-e8bf-4a96-9a85-a6e23a8c635c;.NET 8.0;False;True;False;True;Default;Default;False;False;False;Default;Default;Default;Default;Default;Default;Default;Default;Default;Default;Default;Default;Default;Default;Default;Default;16;Default;LegacySmallBranching;20.693 ns;0.3126 ns;0.2610 ns;20.697 ns;0.58;0.01;0.0119;0.0000;0.0000;112 B;1.00
Parse;.NET 10.0;False;Default;Default;Default;Default;Default;Default;1111111111111111;Empty;RyuJit;Default;X64;8c5e7fda-e8bf-4a96-9a85-a6e23a8c635c;.NET 10.0;False;True;False;True;Default;Default;False;False;False;Default;Default;Default;Default;Default;Default;Default;Default;Default;Default;Default;Default;Default;Default;Default;Default;16;Default;LogicChain;"427,156.403 ns";"4,787.8243 ns";"4,244.2815 ns";"426,986.768 ns";0.63;0.01;66.4063;37.1094;0.0000;632676 B;1.00
Parse;.NET 6.0;False;Default;Default;Default;Default;Default;Default;1111111111111111;Empty;RyuJit;Default;X64;8c5e7fda-e8bf-4a96-9a85-a6e23a8c635c;.NET 6.0;False;True;False;True;Default;Default;False;False;False;Default;Default;Default;Default;Default;Default;Default;Default;Default;Default;Default;Default;Default;Default;Default;Default;16;Default;LogicChain;"680,446.185 ns";"8,649.9937 ns";"8,091.2095 ns";"682,257.617 ns";1.00;0.02;67.3828;22.4609;0.0000;634280 B;1.00
Parse;.NET 8.0;False;Default;Default;Default;Default;Default;Default;1111111111111111;Empty;RyuJit;Default;X64;8c5e7fda-e8bf-4a96-9a85-a6e23a8c635c;.NET 8.0;False;True;False;True;Default;Default;False;False;False;Default;Default;Default;Default;Default;Default;Default;Default;Default;Default;Default;Default;Default;Default;Default;Default;16;Default;LogicChain;"494,560.376 ns";"9,172.1277 ns";"9,008.2558 ns";"493,494.922 ns";0.73;0.02;66.4063;39.0625;0.0000;632692 B;1.00
Compile;.NET 10.0;False;Default;Default;Default;Default;Default;Default;1111111111111111;Empty;RyuJit;Default;X64;8c5e7fda-e8bf-4a96-9a85-a6e23a8c635c;.NET 10.0;False;True;False;True;Default;Default;False;False;False;Default;Default;Default;Default;Default;Default;Default;Default;Default;Default;Default;Default;Default;Default;Default;Default;16;Default;LogicChain;"524,383.579 ns";"10,363.0198 ns";"14,185.0197 ns";"521,970.898 ns";0.63;0.02;74.2188;42.9688;0.0000;730505 B;0.97
Compile;.NET 6.0;False;Default;Default;Default;Default;Default;Default;1111111111111111;Empty;RyuJit;Default;X64;8c5e7fda-e8bf-4a96-9a85-a6e23a8c635c;.NET 6.0;False;True;False;True;Default;Default;False;False;False;Default;Default;Default;Default;Default;Default;Default;Default;Default;Default;Default;Default;Default;Default;Default;Default;16;Default;LogicChain;"835,897.211 ns";"15,694.0715 ns";"15,413.6767 ns";"837,610.938 ns";1.00;0.03;80.0781;35.1563;0.0000;753104 B;1.00
Compile;.NET 8.0;False;Default;Default;Default;Default;Default;Default;1111111111111111;Empty;RyuJit;Default;X64;8c5e7fda-e8bf-4a96-9a85-a6e23a8c635c;.NET 8.0;False;True;False;True;Default;Default;False;False;False;Default;Default;Default;Default;Default;Default;Default;Default;Default;Default;Default;Default;Default;Default;Default;Default;16;Default;LogicChain;"602,516.406 ns";"11,708.9790 ns";"13,938.7079 ns";"600,242.969 ns";0.72;0.02;74.2188;46.8750;0.0000;732444 B;0.97
Evaluate;.NET 10.0;False;Default;Default;Default;Default;Default;Default;1111111111111111;Empty;RyuJit;Default;X64;8c5e7fda-e8bf-4a96-9a85-a6e23a8c635c;.NET 10.0;False;True;False;True;Default;Default;False;False;False;Default;Default;Default;Default;Default;Default;Default;Default;Default;Default;Default;Default;Default;Default;Default;Default;16;Default;LogicChain;42.157 ns;0.8420 ns;0.7876 ns;41.996 ns;0.40;0.01;0.0025;0.0000;0.0000;24 B;1.00
Evaluate;.NET 6.0;False;Default;Default;Default;Default;Default;Default;1111111111111111;Empty;RyuJit;Default;X64;8c5e7fda-e8bf-4a96-9a85-a6e23a8c635c;.NET 6.0;False;True;False;True;Default;Default;False;False;False;Default;Default;Default;Default;Default;Default;Default;Default;Default;Default;Default;Default;Default;Default;Default;Default;16;Default;LogicChain;105.029 ns;1.7990 ns;1.6828 ns;105.167 ns;1.00;0.02;0.0025;0.0000;0.0000;24 B;1.00
Evaluate;.NET 8.0;False;Default;Default;Default;Default;Default;Default;1111111111111111;Empty;RyuJit;Default;X64;8c5e7fda-e8bf-4a96-9a85-a6e23a8c635c;.NET 8.0;False;True;False;True;Default;Default;False;False;False;Default;Default;Default;Default;Default;Default;Default;Default;Default;Default;Default;Default;Default;Default;Default;Default;16;Default;LogicChain;85.807 ns;0.8636 ns;0.7656 ns;85.891 ns;0.82;0.01;0.0025;0.0000;0.0000;24 B;1.00
Parse;.NET 10.0;False;Default;Default;Default;Default;Default;Default;1111111111111111;Empty;RyuJit;Default;X64;8c5e7fda-e8bf-4a96-9a85-a6e23a8c635c;.NET 10.0;False;True;False;True;Default;Default;False;False;False;Default;Default;Default;Default;Default;Default;Default;Default;Default;Default;Default;Default;Default;Default;Default;Default;16;Default;ManyVariables;"198,398.441 ns";"2,940.3504 ns";"2,606.5441 ns";"197,829.858 ns";0.60;0.01;32.2266;10.2539;0.0000;306655 B;1.00
Parse;.NET 6.0;False;Default;Default;Default;Default;Default;Default;1111111111111111;Empty;RyuJit;Default;X64;8c5e7fda-e8bf-4a96-9a85-a6e23a8c635c;.NET 6.0;False;True;False;True;Default;Default;False;False;False;Default;Default;Default;Default;Default;Default;Default;Default;Default;Default;Default;Default;Default;Default;Default;Default;16;Default;ManyVariables;"332,111.673 ns";"2,939.2727 ns";"2,605.5887 ns";"331,568.335 ns";1.00;0.01;32.2266;7.3242;0.0000;306307 B;1.00
Parse;.NET 8.0;False;Default;Default;Default;Default;Default;Default;1111111111111111;Empty;RyuJit;Default;X64;8c5e7fda-e8bf-4a96-9a85-a6e23a8c635c;.NET 8.0;False;True;False;True;Default;Default;False;False;False;Default;Default;Default;Default;Default;Default;Default;Default;Default;Default;Default;Default;Default;Default;Default;Default;16;Default;ManyVariables;"221,233.600 ns";"4,346.3987 ns";"6,637.4105 ns";"221,015.088 ns";0.67;0.02;32.2266;10.2539;0.0000;305091 B;1.00
Compile;.NET 10.0;False;Default;Default;Default;Default;Default;Default;1111111111111111;Empty;RyuJit;Default;X64;8c5e7fda-e8bf-4a96-9a85-a6e23a8c635c;.NET 10.0;False;True;False;True;Default;Default;False;False;False;Default;Default;Default;Default;Default;Default;Default;Default;Default;Default;Default;Default;Default;Default;Default;Default;16;Default;ManyVariables;"248,585.296 ns";"4,549.1753 ns";"4,032.7254 ns";"247,566.992 ns";0.62;0.01;35.1563;29.2969;0.0000;336056 B;0.97
Compile;.NET 6.0;False;Default;Default;Default;Default;Default;Default;1111111111111111;Empty;RyuJit;Default;X64;8c5e7fda-e8bf-4a96-9a85-a6e23a8c635c;.NET 6.0;False;True;False;True;Default;Default;False;False;False;Default;Default;Default;Default;Default;Default;Default;Default;Default;Default;Default;Default;Default;Default;Default;Default;16;Default;ManyVariables;"402,267.367 ns";"4,935.3244 ns";"4,616.5055 ns";"403,114.355 ns";1.00;0.02;36.6211;14.1602;0.0000;346805 B;1.00
Compile;.NET 8.0;False;Default;Default;Default;Default;Default;Default;1111111111111111;Empty;RyuJit;Default;X64;8c5e7fda-e8bf-4a96-9a85-a6e23a8c635c;.NET 8.0;False;True;False;True;Default;Default;False;False;False;Default;Default;Default;Default;Default;Default;Default;Default;Default;Default;Default;Default;Default;Default;Default;Default;16;Default;ManyVariables;"260,646.759 ns";"5,120.3343 ns";"8,694.7170 ns";"258,473.242 ns";0.65;0.02;35.1563;21.4844;0.0000;334465 B;0.96
Evaluate;.NET 10.0;False;Default;Default;Default;Default;Default;Default;1111111111111111;Empty;RyuJit;Default;X64;8c5e7fda-e8bf-4a96-9a85-a6e23a8c635c;.NET 10.0;False;True;False;True;Default;Default;False;False;False;Default;Default;Default;Default;Default;Default;Default;Default;Default;Default;Default;Default;Default;Default;Default;Default;16;Default;ManyVariables;542.969 ns;10.5937 ns;12.1997 ns;540.946 ns;0.51;0.01;0.0019;0.0000;0.0000;24 B;1.00
Evaluate;.NET 6.0;False;Default;Default;Default;Default;Default;Default;1111111111111111;Empty;RyuJit;Default;X64;8c5e7fda-e8bf-4a96-9a85-a6e23a8c635c;.NET 6.0;False;True;False;True;Default;Default;False;False;False;Default;Default;Default;Default;Default;Default;Default;Default;Default;Default;Default;Default;Default;Default;Default;Default;16;Default;ManyVariables;"1,065.226 ns";13.4744 ns;11.2518 ns;"1,065.140 ns";1.00;0.01;0.0019;0.0000;0.0000;24 B;1.00
Evaluate;.NET 8.0;False;Default;Default;Default;Default;Default;Default;1111111111111111;Empty;RyuJit;Default;X64;8c5e7fda-e8bf-4a96-9a85-a6e23a8c635c;.NET 8.0;False;True;False;True;Default;Default;False;False;False;Default;Default;Default;Default;Default;Default;Default;Default;Default;Default;Default;Default;Default;Default;Default;Default;16;Default;ManyVariables;758.802 ns;11.6769 ns;11.4683 ns;757.471 ns;0.71;0.01;0.0019;0.0000;0.0000;24 B;1.00
Parse;.NET 10.0;False;Default;Default;Default;Default;Default;Default;1111111111111111;Empty;RyuJit;Default;X64;8c5e7fda-e8bf-4a96-9a85-a6e23a8c635c;.NET 10.0;False;True;False;True;Default;Default;False;False;False;Default;Default;Default;Default;Default;Default;Default;Default;Default;Default;Default;Default;Default;Default;Default;Default;16;Default;MixedNumeric;"41,779.693 ns";815.3827 ns;"1,060.2280 ns";"41,486.963 ns";0.63;0.02;8.0566;0.7324;0.0000;77148 B;1.03
Parse;.NET 6.0;False;Default;Default;Default;Default;Default;Default;1111111111111111;Empty;RyuJit;Default;X64;8c5e7fda-e8bf-4a96-9a85-a6e23a8c635c;.NET 6.0;False;True;False;True;Default;Default;False;False;False;Default;Default;Default;Default;Default;Default;Default;Default;Default;Default;Default;Default;Default;Default;Default;Default;16;Default;MixedNumeric;"65,979.607 ns";958.8660 ns;896.9238 ns;"66,093.469 ns";1.00;0.02;7.9346;0.6104;0.0000;74894 B;1.00
Parse;.NET 8.0;False;Default;Default;Default;Default;Default;Default;1111111111111111;Empty;RyuJit;Default;X64;8c5e7fda-e8bf-4a96-9a85-a6e23a8c635c;.NET 8.0;False;True;False;True;Default;Default;False;False;False;Default;Default;Default;Default;Default;Default;Default;Default;Default;Default;Default;Default;Default;Default;Default;Default;16;Default;MixedNumeric;"47,401.108 ns";932.8465 ns;"1,752.1119 ns";"47,074.170 ns";0.72;0.03;7.8125;0.4883;0.0000;76765 B;1.02
Compile;.NET 10.0;False;Default;Default;Default;Default;Default;Default;1111111111111111;Empty;RyuJit;Default;X64;8c5e7fda-e8bf-4a96-9a85-a6e23a8c635c;.NET 10.0;False;True;False;True;Default;Default;False;False;False;Default;Default;Default;Default;Default;Default;Default;Default;Default;Default;Default;Default;Default;Default;Default;Default;16;Default;MixedNumeric;"72,582.967 ns";"1,433.9094 ns";"2,728.1618 ns";"72,543.164 ns";0.73;0.03;12.6953;5.8594;0.0000;120439 B;1.14
Compile;.NET 6.0;False;Default;Default;Default;Default;Default;Default;1111111111111111;Empty;RyuJit;Default;X64;8c5e7fda-e8bf-4a96-9a85-a6e23a8c635c;.NET 6.0;False;True;False;True;Default;Default;False;False;False;Default;Default;Default;Default;Default;Default;Default;Default;Default;Default;Default;Default;Default;Default;Default;Default;16;Default;MixedNumeric;"99,249.481 ns";"1,982.9503 ns";"1,757.8338 ns";"99,481.488 ns";1.00;0.02;11.2305;3.6621;0.0000;105878 B;1.00
Compile;.NET 8.0;False;Default;Default;Default;Default;Default;Default;1111111111111111;Empty;RyuJit;Default;X64;8c5e7fda-e8bf-4a96-9a85-a6e23a8c635c;.NET 8.0;False;True;False;True;Default;Default;False;False;False;Default;Default;Default;Default;Default;Default;Default;Default;Default;Default;Default;Default;Default;Default;Default;Default;16;Default;MixedNumeric;"128,479.781 ns";"9,086.0905 ns";"26,790.5448 ns";"143,212.573 ns";1.29;0.27;12.2070;5.8594;0.0000;118624 B;1.12
Evaluate;.NET 10.0;False;Default;Default;Default;Default;Default;Default;1111111111111111;Empty;RyuJit;Default;X64;8c5e7fda-e8bf-4a96-9a85-a6e23a8c635c;.NET 10.0;False;True;False;True;Default;Default;False;False;False;Default;Default;Default;Default;Default;Default;Default;Default;Default;Default;Default;Default;Default;Default;Default;Default;16;Default;MixedNumeric;82.847 ns;0.5768 ns;0.5113 ns;82.782 ns;0.68;0.01;0.0025;0.0000;0.0000;24 B;1.00
Evaluate;.NET 6.0;False;Default;Default;Default;Default;Default;Default;1111111111111111;Empty;RyuJit;Default;X64;8c5e7fda-e8bf-4a96-9a85-a6e23a8c635c;.NET 6.0;False;True;False;True;Default;Default;False;False;False;Default;Default;Default;Default;Default;Default;Default;Default;Default;Default;Default;Default;Default;Default;Default;Default;16;Default;MixedNumeric;121.484 ns;2.0195 ns;1.7902 ns;121.331 ns;1.00;0.02;0.0024;0.0000;0.0000;24 B;1.00
Evaluate;.NET 8.0;False;Default;Default;Default;Default;Default;Default;1111111111111111;Empty;RyuJit;Default;X64;8c5e7fda-e8bf-4a96-9a85-a6e23a8c635c;.NET 8.0;False;True;False;True;Default;Default;False;False;False;Default;Default;Default;Default;Default;Default;Default;Default;Default;Default;Default;Default;Default;Default;Default;Default;16;Default;MixedNumeric;131.454 ns;2.6680 ns;2.7398 ns;131.323 ns;1.08;0.03;0.0025;0.0000;0.0000;24 B;1.00
Parse;.NET 10.0;False;Default;Default;Default;Default;Default;Default;1111111111111111;Empty;RyuJit;Default;X64;8c5e7fda-e8bf-4a96-9a85-a6e23a8c635c;.NET 10.0;False;True;False;True;Default;Default;False;False;False;Default;Default;Default;Default;Default;Default;Default;Default;Default;Default;Default;Default;Default;Default;Default;Default;16;Default;NestedIf;"171,053.127 ns";"8,627.7900 ns";"25,167.6702 ns";"180,541.406 ns";0.78;0.20;19.5313;3.9063;0.0000;193082 B;1.00
Parse;.NET 6.0;False;Default;Default;Default;Default;Default;Default;1111111111111111;Empty;RyuJit;Default;X64;8c5e7fda-e8bf-4a96-9a85-a6e23a8c635c;.NET 6.0;False;True;False;True;Default;Default;False;False;False;Default;Default;Default;Default;Default;Default;Default;Default;Default;Default;Default;Default;Default;Default;Default;Default;16;Default;NestedIf;"231,388.891 ns";"19,534.9576 ns";"57,599.2675 ns";"194,620.618 ns";1.05;0.35;20.5078;4.3945;0.0000;193369 B;1.00
Parse;.NET 8.0;False;Default;Default;Default;Default;Default;Default;1111111111111111;Empty;RyuJit;Default;X64;8c5e7fda-e8bf-4a96-9a85-a6e23a8c635c;.NET 8.0;False;True;False;True;Default;Default;False;False;False;Default;Default;Default;Default;Default;Default;Default;Default;Default;Default;Default;Default;Default;Default;Default;Default;16;Default;NestedIf;"128,892.343 ns";"2,573.5975 ns";"5,594.7897 ns";"129,559.058 ns";0.59;0.12;20.5078;5.3711;0.0000;193090 B;1.00
Compile;.NET 10.0;False;Default;Default;Default;Default;Default;Default;1111111111111111;Empty;RyuJit;Default;X64;8c5e7fda-e8bf-4a96-9a85-a6e23a8c635c;.NET 10.0;False;True;False;True;Default;Default;False;False;False;Default;Default;Default;Default;Default;Default;Default;Default;Default;Default;Default;Default;Default;Default;Default;Default;16;Default;NestedIf;"207,626.365 ns";"4,097.3105 ns";"9,079.3577 ns";"210,450.342 ns";1.04;0.05;21.4844;8.7891;0.0000;203141 B;0.99
Compile;.NET 6.0;False;Default;Default;Default;Default;Default;Default;1111111111111111;Empty;RyuJit;Default;X64;8c5e7fda-e8bf-4a96-9a85-a6e23a8c635c;.NET 6.0;False;True;False;True;Default;Default;False;False;False;Default;Default;Default;Default;Default;Default;Default;Default;Default;Default;Default;Default;Default;Default;Default;Default;16;Default;NestedIf;"200,345.370 ns";"3,675.0953 ns";"3,437.6865 ns";"200,139.172 ns";1.00;0.02;21.7285;7.0801;0.0000;204777 B;1.00
Compile;.NET 8.0;False;Default;Default;Default;Default;Default;Default;1111111111111111;Empty;RyuJit;Default;X64;8c5e7fda-e8bf-4a96-9a85-a6e23a8c635c;.NET 8.0;False;True;False;True;Default;Default;False;False;False;Default;Default;Default;Default;Default;Default;Default;Default;Default;Default;Default;Default;Default;Default;Default;Default;16;Default;NestedIf;"135,245.258 ns";"2,491.3956 ns";"2,446.8836 ns";"135,064.990 ns";0.68;0.02;21.4844;9.7656;0.0000;203655 B;0.99
Evaluate;.NET 10.0;False;Default;Default;Default;Default;Default;Default;1111111111111111;Empty;RyuJit;Default;X64;8c5e7fda-e8bf-4a96-9a85-a6e23a8c635c;.NET 10.0;False;True;False;True;Default;Default;False;False;False;Default;Default;Default;Default;Default;Default;Default;Default;Default;Default;Default;Default;Default;Default;Default;Default;16;Default;NestedIf;47.874 ns;0.9346 ns;1.4824 ns;48.221 ns;0.66;0.02;0.0025;0.0000;0.0000;24 B;1.00
Evaluate;.NET 6.0;False;Default;Default;Default;Default;Default;Default;1111111111111111;Empty;RyuJit;Default;X64;8c5e7fda-e8bf-4a96-9a85-a6e23a8c635c;.NET 6.0;False;True;False;True;Default;Default;False;False;False;Default;Default;Default;Default;Default;Default;Default;Default;Default;Default;Default;Default;Default;Default;Default;Default;16;Default;NestedIf;72.188 ns;1.4604 ns;1.3661 ns;71.860 ns;1.00;0.03;0.0025;0.0000;0.0000;24 B;1.00
Evaluate;.NET 8.0;False;Default;Default;Default;Default;Default;Default;1111111111111111;Empty;RyuJit;Default;X64;8c5e7fda-e8bf-4a96-9a85-a6e23a8c635c;.NET 8.0;False;True;False;True;Default;Default;False;False;False;Default;Default;Default;Default;Default;Default;Default;Default;Default;Default;Default;Default;Default;Default;Default;Default;16;Default;NestedIf;57.700 ns;1.1518 ns;1.0210 ns;57.318 ns;0.80;0.02;0.0025;0.0000;0.0000;24 B;1.00
Parse;.NET 10.0;False;Default;Default;Default;Default;Default;Default;1111111111111111;Empty;RyuJit;Default;X64;8c5e7fda-e8bf-4a96-9a85-a6e23a8c635c;.NET 10.0;False;True;False;True;Default;Default;False;False;False;Default;Default;Default;Default;Default;Default;Default;Default;Default;Default;Default;Default;Default;Default;Default;Default;16;Default;OnDemand;"22,376.659 ns";445.0103 ns;867.9584 ns;"22,123.657 ns";0.63;0.03;5.1270;0.2441;0.0000;49508 B;1.00
Parse;.NET 6.0;False;Default;Default;Default;Default;Default;Default;1111111111111111;Empty;RyuJit;Default;X64;8c5e7fda-e8bf-4a96-9a85-a6e23a8c635c;.NET 6.0;False;True;False;True;Default;Default;False;False;False;Default;Default;Default;Default;Default;Default;Default;Default;Default;Default;Default;Default;Default;Default;Default;Default;16;Default;OnDemand;"35,330.767 ns";616.4529 ns;576.6305 ns;"35,320.657 ns";1.00;0.02;5.2490;0.3052;0.0000;49612 B;1.00
Parse;.NET 8.0;False;Default;Default;Default;Default;Default;Default;1111111111111111;Empty;RyuJit;Default;X64;8c5e7fda-e8bf-4a96-9a85-a6e23a8c635c;.NET 8.0;False;True;False;True;Default;Default;False;False;False;Default;Default;Default;Default;Default;Default;Default;Default;Default;Default;Default;Default;Default;Default;Default;Default;16;Default;OnDemand;"24,589.996 ns";341.2431 ns;319.1991 ns;"24,555.222 ns";0.70;0.01;5.2490;0.3052;0.0000;49484 B;1.00
Compile;.NET 10.0;False;Default;Default;Default;Default;Default;Default;1111111111111111;Empty;RyuJit;Default;X64;8c5e7fda-e8bf-4a96-9a85-a6e23a8c635c;.NET 10.0;False;True;False;True;Default;Default;False;False;False;Default;Default;Default;Default;Default;Default;Default;Default;Default;Default;Default;Default;Default;Default;Default;Default;16;Default;OnDemand;"30,816.645 ns";595.8021 ns;815.5407 ns;"30,847.510 ns";0.66;0.02;6.1035;2.9297;0.0000;57746 B;1.00
Compile;.NET 6.0;False;Default;Default;Default;Default;Default;Default;1111111111111111;Empty;RyuJit;Default;X64;8c5e7fda-e8bf-4a96-9a85-a6e23a8c635c;.NET 6.0;False;True;False;True;Default;Default;False;False;False;Default;Default;Default;Default;Default;Default;Default;Default;Default;Default;Default;Default;Default;Default;Default;Default;16;Default;OnDemand;"46,855.817 ns";694.2050 ns;649.3598 ns;"46,797.504 ns";1.00;0.02;6.1035;2.1973;0.0000;57491 B;1.00
Compile;.NET 8.0;False;Default;Default;Default;Default;Default;Default;1111111111111111;Empty;RyuJit;Default;X64;8c5e7fda-e8bf-4a96-9a85-a6e23a8c635c;.NET 8.0;False;True;False;True;Default;Default;False;False;False;Default;Default;Default;Default;Default;Default;Default;Default;Default;Default;Default;Default;Default;Default;Default;Default;16;Default;OnDemand;"34,540.734 ns";672.2291 ns;964.0910 ns;"34,437.659 ns";0.74;0.02;6.1035;2.9297;0.0000;57726 B;1.00
Evaluate;.NET 10.0;False;Default;Default;Default;Default;Default;Default;1111111111111111;Empty;RyuJit;Default;X64;8c5e7fda-e8bf-4a96-9a85-a6e23a8c635c;.NET 10.0;False;True;False;True;Default;Default;False;False;False;Default;Default;Default;Default;Default;Default;Default;Default;Default;Default;Default;Default;Default;Default;Default;Default;16;Default;OnDemand;65.670 ns;0.9537 ns;0.8454 ns;65.560 ns;0.56;0.01;0.0356;0.0000;0.0000;336 B;0.82
Evaluate;.NET 6.0;False;Default;Default;Default;Default;Default;Default;1111111111111111;Empty;RyuJit;Default;X64;8c5e7fda-e8bf-4a96-9a85-a6e23a8c635c;.NET 6.0;False;True;False;True;Default;Default;False;False;False;Default;Default;Default;Default;Default;Default;Default;Default;Default;Default;Default;Default;Default;Default;Default;Default;16;Default;OnDemand;116.963 ns;1.8070 ns;1.6903 ns;116.434 ns;1.00;0.02;0.0433;0.0000;0.0000;408 B;1.00
Evaluate;.NET 8.0;False;Default;Default;Default;Default;Default;Default;1111111111111111;Empty;RyuJit;Default;X64;8c5e7fda-e8bf-4a96-9a85-a6e23a8c635c;.NET 8.0;False;True;False;True;Default;Default;False;False;False;Default;Default;Default;Default;Default;Default;Default;Default;Default;Default;Default;Default;Default;Default;Default;Default;16;Default;OnDemand;68.627 ns;0.7166 ns;0.5594 ns;68.502 ns;0.59;0.01;0.0433;0.0000;0.0000;408 B;1.00
Parse;.NET 10.0;False;Default;Default;Default;Default;Default;Default;1111111111111111;Empty;RyuJit;Default;X64;8c5e7fda-e8bf-4a96-9a85-a6e23a8c635c;.NET 10.0;False;True;False;True;Default;Default;False;False;False;Default;Default;Default;Default;Default;Default;Default;Default;Default;Default;Default;Default;Default;Default;Default;Default;16;Default;OwnerMembers;"13,108.063 ns";260.7545 ns;356.9237 ns;"13,064.911 ns";0.64;0.02;3.7842;0.1221;0.0000;35732 B;1.00
Parse;.NET 6.0;False;Default;Default;Default;Default;Default;Default;1111111111111111;Empty;RyuJit;Default;X64;8c5e7fda-e8bf-4a96-9a85-a6e23a8c635c;.NET 6.0;False;True;False;True;Default;Default;False;False;False;Default;Default;Default;Default;Default;Default;Default;Default;Default;Default;Default;Default;Default;Default;Default;Default;16;Default;OwnerMembers;"20,397.119 ns";352.6073 ns;329.8290 ns;"20,368.533 ns";1.00;0.02;3.7842;0.1526;0.0000;35771 B;1.00
Parse;.NET 8.0;False;Default;Default;Default;Default;Default;Default;1111111111111111;Empty;RyuJit;Default;X64;8c5e7fda-e8bf-4a96-9a85-a6e23a8c635c;.NET 8.0;False;True;False;True;Default;Default;False;False;False;Default;Default;Default;Default;Default;Default;Default;Default;Default;Default;Default;Default;Default;Default;Default;Default;16;Default;OwnerMembers;"14,533.408 ns";159.8325 ns;124.7867 ns;"14,541.868 ns";0.71;0.01;3.7842;0.1373;0.0000;35708 B;1.00
Compile;.NET 10.0;False;Default;Default;Default;Default;Default;Default;1111111111111111;Empty;RyuJit;Default;X64;8c5e7fda-e8bf-4a96-9a85-a6e23a8c635c;.NET 10.0;False;True;False;True;Default;Default;False;False;False;Default;Default;Default;Default;Default;Default;Default;Default;Default;Default;Default;Default;Default;Default;Default;Default;16;Default;OwnerMembers;"21,667.680 ns";428.6688 ns;510.2997 ns;"21,650.854 ns";0.74;0.02;4.8828;2.1973;0.0000;46957 B;1.08
Compile;.NET 6.0;False;Default;Default;Default;Default;Default;Default;1111111111111111;Empty;RyuJit;Default;X64;8c5e7fda-e8bf-4a96-9a85-a6e23a8c635c;.NET 6.0;False;True;False;True;Default;Default;False;False;False;Default;Default;Default;Default;Default;Default;Default;Default;Default;Default;Default;Default;Default;Default;Default;Default;16;Default;OwnerMembers;"29,115.558 ns";333.3629 ns;311.8278 ns;"28,998.349 ns";1.00;0.01;4.6082;1.5869;0.0000;43517 B;1.00
Compile;.NET 8.0;False;Default;Default;Default;Default;Default;Default;1111111111111111;Empty;RyuJit;Default;X64;8c5e7fda-e8bf-4a96-9a85-a6e23a8c635c;.NET 8.0;False;True;False;True;Default;Default;False;False;False;Default;Default;Default;Default;Default;Default;Default;Default;Default;Default;Default;Default;Default;Default;Default;Default;16;Default;OwnerMembers;"24,986.410 ns";493.9967 ns;852.1202 ns;"24,831.934 ns";0.86;0.03;4.8828;2.1973;0.0000;46641 B;1.07
Evaluate;.NET 10.0;False;Default;Default;Default;Default;Default;Default;1111111111111111;Empty;RyuJit;Default;X64;8c5e7fda-e8bf-4a96-9a85-a6e23a8c635c;.NET 10.0;False;True;False;True;Default;Default;False;False;False;Default;Default;Default;Default;Default;Default;Default;Default;Default;Default;Default;Default;Default;Default;Default;Default;16;Default;OwnerMembers;6.132 ns;0.1373 ns;0.1217 ns;6.095 ns;1.06;0.03;0.0025;0.0000;0.0000;24 B;1.00
Evaluate;.NET 6.0;False;Default;Default;Default;Default;Default;Default;1111111111111111;Empty;RyuJit;Default;X64;8c5e7fda-e8bf-4a96-9a85-a6e23a8c635c;.NET 6.0;False;True;False;True;Default;Default;False;False;False;Default;Default;Default;Default;Default;Default;Default;Default;Default;Default;Default;Default;Default;Default;Default;Default;16;Default;OwnerMembers;5.780 ns;0.1574 ns;0.1395 ns;5.757 ns;1.00;0.03;0.0025;0.0000;0.0000;24 B;1.00
Evaluate;.NET 8.0;False;Default;Default;Default;Default;Default;Default;1111111111111111;Empty;RyuJit;Default;X64;8c5e7fda-e8bf-4a96-9a85-a6e23a8c635c;.NET 8.0;False;True;False;True;Default;Default;False;False;False;Default;Default;Default;Default;Default;Default;Default;Default;Default;Default;Default;Default;Default;Default;Default;Default;16;Default;OwnerMembers;7.302 ns;0.1950 ns;0.3311 ns;7.364 ns;1.26;0.06;0.0025;0.0000;0.0000;24 B;1.00
Parse;.NET 10.0;False;Default;Default;Default;Default;Default;Default;1111111111111111;Empty;RyuJit;Default;X64;8c5e7fda-e8bf-4a96-9a85-a6e23a8c635c;.NET 10.0;False;True;False;True;Default;Default;False;False;False;Default;Default;Default;Default;Default;Default;Default;Default;Default;Default;Default;Default;Default;Default;Default;Default;16;Default;Strings;"31,070.938 ns";612.4028 ns;"1,407.0973 ns";"30,682.422 ns";0.64;0.03;5.8594;0.4883;0.0000;59131 B;1.00
Parse;.NET 6.0;False;Default;Default;Default;Default;Default;Default;1111111111111111;Empty;RyuJit;Default;X64;8c5e7fda-e8bf-4a96-9a85-a6e23a8c635c;.NET 6.0;False;True;False;True;Default;Default;False;False;False;Default;Default;Default;Default;Default;Default;Default;Default;Default;Default;Default;Default;Default;Default;Default;Default;16;Default;Strings;"48,455.347 ns";843.5198 ns;789.0289 ns;"48,303.595 ns";1.00;0.02;6.2866;0.5493;0.0000;59202 B;1.00
Parse;.NET 8.0;False;Default;Default;Default;Default;Default;Default;1111111111111111;Empty;RyuJit;Default;X64;8c5e7fda-e8bf-4a96-9a85-a6e23a8c635c;.NET 8.0;False;True;False;True;Default;Default;False;False;False;Default;Default;Default;Default;Default;Default;Default;Default;Default;Default;Default;Default;Default;Default;Default;Default;16;Default;Strings;"33,903.657 ns";520.6487 ns;487.0151 ns;"33,803.369 ns";0.70;0.01;6.2256;0.4883;0.0000;59074 B;1.00
Compile;.NET 10.0;False;Default;Default;Default;Default;Default;Default;1111111111111111;Empty;RyuJit;Default;X64;8c5e7fda-e8bf-4a96-9a85-a6e23a8c635c;.NET 10.0;False;True;False;True;Default;Default;False;False;False;Default;Default;Default;Default;Default;Default;Default;Default;Default;Default;Default;Default;Default;Default;Default;Default;16;Default;Strings;"40,283.554 ns";795.7754 ns;"1,779.8658 ns";"39,795.972 ns";0.67;0.03;6.8359;5.8594;0.0000;65273 B;0.99
Compile;.NET 6.0;False;Default;Default;Default;Default;Default;Default;1111111111111111;Empty;RyuJit;Default;X64;8c5e7fda-e8bf-4a96-9a85-a6e23a8c635c;.NET 6.0;False;True;False;True;Default;Default;False;False;False;Default;Default;Default;Default;Default;Default;Default;Default;Default;Default;Default;Default;Default;Default;Default;Default;16;Default;Strings;"59,779.486 ns";777.3442 ns;689.0954 ns;"59,507.526 ns";1.00;0.02;6.9580;3.1738;0.0000;66223 B;1.00
Compile;.NET 8.0;False;Default;Default;Default;Default;Default;Default;1111111111111111;Empty;RyuJit;Default;X64;8c5e7fda-e8bf-4a96-9a85-a6e23a8c635c;.NET 8.0;False;True;False;True;Default;Default;False;False;False;Default;Default;Default;Default;Default;Default;Default;Default;Default;Default;Default;Default;Default;Default;Default;Default;16;Default;Strings;"43,113.054 ns";768.8709 ns;"1,052.4393 ns";"42,937.329 ns";0.72;0.02;6.8359;5.3711;0.0000;65387 B;0.99
Evaluate;.NET 10.0;False;Default;Default;Default;Default;Default;Default;1111111111111111;Empty;RyuJit;Default;X64;8c5e7fda-e8bf-4a96-9a85-a6e23a8c635c;.NET 10.0;False;True;False;True;Default;Default;False;False;False;Default;Default;Default;Default;Default;Default;Default;Default;Default;Default;Default;Default;Default;Default;Default;Default;16;Default;Strings;48.138 ns;0.7636 ns;0.6770 ns;48.011 ns;0.54;0.01;0.0119;0.0000;0.0000;112 B;1.00
Evaluate;.NET 6.0;False;Default;Default;Default;Default;Default;Default;1111111111111111;Empty;RyuJit;Default;X64;8c5e7fda-e8bf-4a96-9a85-a6e23a8c635c;.NET 6.0;False;True;False;True;Default;Default;False;False;False;Default;Default;Default;Default;Default;Default;Default;Default;Default;Default;Default;Default;Default;Default;Default;Default;16;Default;Strings;89.105 ns;1.1267 ns;1.0539 ns;89.137 ns;1.00;0.02;0.0118;0.0000;0.0000;112 B;1.00
Evaluate;.NET 8.0;False;Default;Default;Default;Default;Default;Default;1111111111111111;Empty;RyuJit;Default;X64;8c5e7fda-e8bf-4a96-9a85-a6e23a8c635c;.NET 8.0;False;True;False;True;Default;Default;False;False;False;Default;Default;Default;Default;Default;Default;Default;Default;Default;Default;Default;Default;Default;Default;Default;Default;16;Default;Strings;64.613 ns;1.1530 ns;1.0221 ns;64.426 ns;0.73;0.01;0.0118;0.0000;0.0000;112 B;1.00
